solver,graph,n,nnz,setup_s,solve_s,total_s,iters,rel_res,fillin,us_per_nnz
ApxChol+PCG [Kyng16],grid_100,10000,49600,1.816948e-02,1.917625e-01,2.099320e-01,31,9.136704e-09,2.2191,4.2325
CG [Eigen],grid_100,10000,49600,3.704900e-05,1.852922e+00,1.852959e+00,328,9.355582e-09,0.0000,37.3580
LDLT [Eigen],grid_100,10000,49600,5.143187e-03,1.313316e-03,6.456503e-03,1,1.101888e-16,0.0000,0.1302
RCHOL+MKL [Chen20],grid_100,10000,49600,3.932554e-03,5.358904e-03,9.291458e-03,24,3.143988e-05,3.0071,0.1873
CHOLMOD [SuiteSparse],grid_100,10000,49600,9.212109e-03,1.607681e-03,1.081979e-02,1,1.165115e-16,0.0000,0.2181
AMG+CG [AMGCL],grid_100,10000,49600,2.147491e-01,9.779821e-01,1.192731e+00,11,2.986930e-05,0.0000,24.0470
ApxChol+PCG [Kyng16],grid_200,40000,199200,6.896046e-02,2.297723e-01,2.987327e-01,36,6.244128e-09,2.2337,1.4997
CG [Eigen],grid_200,40000,199200,9.247500e-05,2.731735e+00,2.731827e+00,500,4.914418e-08,0.0000,13.7140
LDLT [Eigen],grid_200,40000,199200,3.654463e-02,7.038180e-03,4.358281e-02,1,1.173177e-16,0.0000,0.2188
RCHOL+MKL [Chen20],grid_200,40000,199200,2.216076e-02,2.635639e-02,4.851715e-02,26,3.172592e-05,3.1493,0.2436
CHOLMOD [SuiteSparse],grid_200,40000,199200,3.942722e-02,7.885186e-03,4.731240e-02,1,1.096296e-16,0.0000,0.2375
AMG+CG [AMGCL],grid_200,40000,199200,3.218773e-01,1.659519e+00,1.981396e+00,12,3.909376e-06,0.0000,9.9468
ApxChol+PCG [Kyng16],grid_500,250000,1248000,7.834296e-01,4.253360e-01,1.208766e+00,44,8.497426e-09,2.2413,0.9686
CG [Eigen],grid_500,250000,1248000,1.011327e-03,2.903845e+00,2.904857e+00,500,3.504739e-07,0.0000,2.3276
LDLT [Eigen],grid_500,250000,1248000,5.325105e-01,9.109874e-02,6.236093e-01,1,1.057939e-16,0.0000,0.4997
RCHOL+MKL [Chen20],grid_500,250000,1248000,2.368570e-01,3.363953e-01,5.732523e-01,34,3.157611e-05,3.2155,0.4593
CHOLMOD [SuiteSparse],grid_500,250000,1248000,2.976647e-01,9.945900e-02,3.971237e-01,1,1.190213e-16,0.0000,0.3182
AMG+CG [AMGCL],grid_500,250000,1248000,5.436150e-01,2.541760e+00,3.085375e+00,14,6.006549e-07,0.0000,2.4723
ApxChol+PCG [Kyng16],grid_1000,1000000,4996000,3.781604e+00,1.216368e+00,4.997972e+00,45,7.528721e-09,2.2463,1.0004
CG [Eigen],grid_1000,1000000,4996000,3.104764e-03,3.094210e+00,3.097315e+00,500,5.242300e-07,0.0000,0.6200
LDLT [Eigen],grid_1000,1000000,4996000,5.957971e+00,4.093643e-01,6.367336e+00,1,1.148986e-16,0.0000,1.2745
RCHOL+MKL [Chen20],grid_1000,1000000,4996000,6.528146e-01,1.160618e+00,1.813432e+00,38,3.151534e-05,3.2605,0.3630
CHOLMOD [SuiteSparse],grid_1000,1000000,4996000,1.431725e+00,4.034093e-01,1.835134e+00,1,1.134070e-16,0.0000,0.3673
AMG+CG [AMGCL],grid_1000,1000000,4996000,5.839069e-01,2.235874e+00,2.819781e+00,12,3.957858e-07,0.0000,0.5644
ApxChol+PCG [Kyng16],grid_1500,2250000,11244000,9.057303e+00,3.223827e+00,1.228113e+01,51,8.647890e-09,2.2473,1.0922
LDLT [Eigen],grid_1500,2250000,11244000,1.952367e+01,9.893273e-01,2.051300e+01,1,1.194138e-16,0.0000,1.8244
RCHOL+MKL [Chen20],grid_1500,2250000,11244000,1.490694e+00,2.795520e+00,4.286214e+00,40,3.155365e-05,3.2796,0.3812
CHOLMOD [SuiteSparse],grid_1500,2250000,11244000,1.049272e+01,7.959521e-01,1.128867e+01,1,1.205173e-16,0.0000,1.0040
AMG+CG [AMGCL],grid_1500,2250000,11244000,8.535658e-01,3.401489e+00,4.255055e+00,14,8.675435e-07,0.0000,0.3784
ApxChol+PCG [Kyng16],grid_2000,4000000,19992000,1.604554e+01,5.878776e+00,2.192431e+01,51,8.733623e-09,2.2473,1.0967
RCHOL+MKL [Chen20],grid_2000,4000000,19992000,2.582175e+00,5.310575e+00,7.892750e+00,42,3.157228e-05,3.2775,0.3948
CHOLMOD [SuiteSparse],grid_2000,4000000,19992000,2.018631e+01,1.457484e+00,2.164380e+01,1,1.120928e-16,0.0000,1.0826
AMG+CG [AMGCL],grid_2000,4000000,19992000,9.412845e-01,3.554060e+00,4.495345e+00,13,6.157738e-07,0.0000,0.2249
ApxChol+PCG [Kyng16],grid_3000,9000000,44988000,3.845498e+01,1.437711e+01,5.283209e+01,53,8.916297e-09,2.2480,1.1744
RCHOL+MKL [Chen20],grid_3000,9000000,44988000,5.968735e+00,1.239250e+01,1.836123e+01,43,3.154459e-05,3.2852,0.4081
CHOLMOD [SuiteSparse],grid_3000,9000000,44988000,5.203285e+01,3.382154e+00,5.541500e+01,1,1.166573e-16,0.0000,1.2318
AMG+CG [AMGCL],grid_3000,9000000,44988000,1.506030e+00,4.726658e+00,6.232687e+00,13,6.832721e-07,0.0000,0.1385
ApxChol+PCG [Kyng16],checker_100_k1_t4,10000,49600,1.429771e-02,2.069305e-01,2.212282e-01,33,8.888953e-09,2.2128,4.4602
LDLT [Eigen],checker_100_k1_t4,10000,49600,5.146408e-03,1.301145e-03,6.447553e-03,1,1.145630e-16,0.0000,0.1300
RCHOL+MKL [Chen20],checker_100_k1_t4,10000,49600,4.229207e-03,5.729317e-03,9.958524e-03,25,2.222975e-05,3.2716,0.2008
CHOLMOD [SuiteSparse],checker_100_k1_t4,10000,49600,9.950480e-03,1.504268e-03,1.145475e-02,1,1.088077e-16,0.0000,0.2309
AMG+CG [AMGCL],checker_100_k1_t4,10000,49600,2.117472e-01,1.034985e+00,1.246732e+00,11,5.829931e-03,0.0000,25.1357
CG [Eigen],checker_100_k1_t4,10000,49600,3.791200e-05,1.936921e+00,1.936959e+00,336,9.384052e-09,0.0000,39.0516
CG [Eigen],checker_100_k100000_t4,10000,49600,3.784100e-05,6.439201e-01,6.439580e-01,112,9.071267e-09,0.0000,12.9830
ApxChol+PCG [Kyng16],checker_200_k1_t4,40000,199200,5.886078e-02,2.229832e-01,2.818440e-01,36,7.069195e-09,2.2342,1.4149
LDLT [Eigen],checker_200_k1_t4,40000,199200,3.711566e-02,6.827439e-03,4.394310e-02,1,1.188258e-16,0.0000,0.2206
RCHOL+MKL [Chen20],checker_200_k1_t4,40000,199200,2.217035e-02,3.215454e-02,5.432490e-02,30,2.235233e-05,3.4406,0.2727
CHOLMOD [SuiteSparse],checker_200_k1_t4,40000,199200,3.961268e-02,6.780721e-03,4.639340e-02,1,1.186741e-16,0.0000,0.2329
AMG+CG [AMGCL],checker_200_k1_t4,40000,199200,3.728836e-01,1.473972e+00,1.846856e+00,11,2.225741e-05,0.0000,9.2714
CG [Eigen],checker_200_k1_t4,40000,199200,1.490720e-04,2.892692e+00,2.892841e+00,500,1.240774e-07,0.0000,14.5223
CG [Eigen],checker_200_k100000_t4,40000,199200,1.486910e-04,6.846924e-01,6.848411e-01,119,9.621540e-09,0.0000,3.4380
ApxChol+PCG [Kyng16],checker_500_k1_t4,250000,1248000,7.562992e-01,4.154538e-01,1.171753e+00,44,7.857179e-09,2.2417,0.9389
LDLT [Eigen],checker_500_k1_t4,250000,1248000,5.060405e-01,8.409730e-02,5.901378e-01,1,1.191912e-16,0.0000,0.4729
RCHOL+MKL [Chen20],checker_500_k1_t4,250000,1248000,1.494147e-01,2.713376e-01,4.207523e-01,35,2.233163e-05,3.6160,0.3371
CHOLMOD [SuiteSparse],checker_500_k1_t4,250000,1248000,2.919237e-01,9.461661e-02,3.865403e-01,1,1.154421e-16,0.0000,0.3097
AMG+CG [AMGCL],checker_500_k1_t4,250000,1248000,5.370581e-01,2.164781e+00,2.701839e+00,12,3.065555e-04,0.0000,2.1649
CG [Eigen],checker_500_k1_t4,250000,1248000,6.070650e-04,2.810494e+00,2.811101e+00,500,3.947682e-07,0.0000,2.2525
CG [Eigen],checker_500_k100000_t4,250000,1248000,6.534130e-04,6.473445e-01,6.479979e-01,111,9.374134e-09,0.0000,0.5192
ApxChol+PCG [Kyng16],checker_1000_k1_t4,1000000,4996000,3.753622e+00,1.358026e+00,5.111648e+00,50,7.684005e-09,2.2457,1.0231
LDLT [Eigen],checker_1000_k1_t4,1000000,4996000,5.813638e+00,4.092747e-01,6.222913e+00,1,1.192674e-16,0.0000,1.2456
RCHOL+MKL [Chen20],checker_1000_k1_t4,1000000,4996000,6.859278e-01,1.292257e+00,1.978184e+00,40,2.235701e-05,3.6891,0.3960
CHOLMOD [SuiteSparse],checker_1000_k1_t4,1000000,4996000,1.413114e+00,3.872634e-01,1.800377e+00,1,1.069556e-16,0.0000,0.3604
AMG+CG [AMGCL],checker_1000_k1_t4,1000000,4996000,5.763270e-01,2.158705e+00,2.735032e+00,12,5.419891e-05,0.0000,0.5474
CG [Eigen],checker_1000_k1_t4,1000000,4996000,3.042679e-03,3.167767e+00,3.170810e+00,500,4.729121e-07,0.0000,0.6347
CG [Eigen],checker_1000_k100000_t4,1000000,4996000,3.467241e-03,7.775948e-01,7.810620e-01,119,9.011227e-09,0.0000,0.1563
ApxChol+PCG [Kyng16],checker_1500_k1_t4,2250000,11244000,8.887699e+00,3.045086e+00,1.193279e+01,48,7.673692e-09,2.2467,1.0613
LDLT [Eigen],checker_1500_k1_t4,2250000,11244000,2.009107e+01,9.846251e-01,2.107570e+01,1,1.134807e-16,0.0000,1.8744
RCHOL+MKL [Chen20],checker_1500_k1_t4,2250000,11244000,1.585717e+00,3.169011e+00,4.754728e+00,42,2.236457e-05,3.7157,0.4229
CHOLMOD [SuiteSparse],checker_1500_k1_t4,2250000,11244000,1.056546e+01,8.197141e-01,1.138518e+01,1,1.153369e-16,0.0000,1.0126
AMG+CG [AMGCL],checker_1500_k1_t4,2250000,11244000,8.608534e-01,3.363630e+00,4.224483e+00,13,8.449342e-05,0.0000,0.3757
ApxChol+PCG [Kyng16],checker_2000_k1_t4,4000000,19992000,1.639268e+01,5.917442e+00,2.231012e+01,51,8.908593e-09,2.2477,1.1160
RCHOL+MKL [Chen20],checker_2000_k1_t4,4000000,19992000,2.822380e+00,6.196671e+00,9.019051e+00,45,2.237640e-05,3.7182,0.4511
CHOLMOD [SuiteSparse],checker_2000_k1_t4,4000000,19992000,2.105337e+01,1.543088e+00,2.259646e+01,1,1.139387e-16,0.0000,1.1303
AMG+CG [AMGCL],checker_2000_k1_t4,4000000,19992000,1.145163e+00,3.852483e+00,4.997646e+00,12,3.452042e-05,0.0000,0.2500
ApxChol+PCG [Kyng16],checker_3000_k1_t4,9000000,44988000,4.017290e+01,1.583487e+01,5.600777e+01,55,8.954918e-09,2.2481,1.2449
RCHOL+MKL [Chen20],checker_3000_k1_t4,9000000,44988000,7.308112e+00,1.600586e+01,2.331397e+01,47,2.236748e-05,3.7362,0.5182
CHOLMOD [SuiteSparse],checker_3000_k1_t4,9000000,44988000,5.752323e+01,3.737319e+00,6.126054e+01,1,1.192042e-16,0.0000,1.3617
AMG+CG [AMGCL],checker_3000_k1_t4,9000000,44988000,1.885282e+00,6.574934e+00,8.460216e+00,13,3.791556e-05,0.0000,0.1881
ApxChol+PCG [Kyng16],erdos_500_p0.8,500,199862,4.704197e-01,1.944493e-01,6.648690e-01,25,5.323124e-09,1.1186,3.3266
CG [Eigen],erdos_500_p0.8,500,199862,2.090000e-05,4.770544e-02,4.772634e-02,4,5.656051e-09,0.0000,0.2388
LDLT [Eigen],erdos_500_p0.8,500,199862,1.081916e-02,7.953110e-04,1.161447e-02,1,5.244708e-16,0.0000,0.0581
RCHOL+MKL [Chen20],erdos_500_p0.8,500,199862,1.717581e-02,2.844616e-03,2.002043e-02,12,2.499747e-07,1.1210,0.1002
CHOLMOD [SuiteSparse],erdos_500_p0.8,500,199862,2.956388e-03,3.684650e-04,3.324853e-03,1,6.599389e-16,0.0000,0.0166
AMG+CG [AMGCL],erdos_500_p0.8,500,199862,1.149722e-01,8.199905e-02,1.969712e-01,1,4.475414e-02,0.0000,0.9855
ApxChol+PCG [Kyng16],erdos_1000_p0.5,1000,500768,1.915175e+00,2.396248e-01,2.154800e+00,30,8.238576e-09,1.3852,4.3030
CG [Eigen],erdos_1000_p0.5,1000,500768,4.226000e-05,5.622889e-02,5.627115e-02,5,9.802433e-10,0.0000,0.1124
LDLT [Eigen],erdos_1000_p0.5,1000,500768,8.486139e-02,3.164420e-03,8.802581e-02,1,1.300848e-15,0.0000,0.1758
RCHOL+MKL [Chen20],erdos_1000_p0.5,1000,500768,5.978388e-02,8.492050e-03,6.827593e-02,12,1.998560e-07,1.3946,0.1363
CHOLMOD [SuiteSparse],erdos_1000_p0.5,1000,500768,1.377357e-02,1.206567e-03,1.498014e-02,1,1.446740e-15,0.0000,0.0299
AMG+CG [AMGCL],erdos_1000_p0.5,1000,500768,2.802718e-01,7.699666e-02,3.572684e-01,1,5.082325e-02,0.0000,0.7134
ApxChol+PCG [Kyng16],erdos_3000_p0.1,3000,903684,5.707090e+00,3.255432e-01,6.032633e+00,35,5.212598e-09,2.5635,6.6756
CG [Eigen],erdos_3000_p0.1,3000,903684,1.015720e-04,6.048609e-02,6.058766e-02,6,1.483212e-09,0.0000,0.0670
LDLT [Eigen],erdos_3000_p0.1,3000,903684,2.747713e+00,2.939540e-02,2.777109e+00,1,9.049929e-16,0.0000,3.0731
RCHOL+MKL [Chen20],erdos_3000_p0.1,3000,903684,1.587236e-01,2.062615e-02,1.793498e-01,11,3.317051e-07,2.6061,0.1985
CHOLMOD [SuiteSparse],erdos_3000_p0.1,3000,903684,3.209515e-01,9.286741e-03,3.302382e-01,1,9.137838e-16,0.0000,0.3654
AMG+CG [AMGCL],erdos_3000_p0.1,3000,903684,6.135528e+00,8.500080e-02,6.220529e+00,1,2.266350e-02,0.0000,6.8835
ApxChol+PCG [Kyng16],erdos_5000_p0.04,5000,1006462,7.715767e+00,3.635670e-01,8.079334e+00,37,8.522161e-09,3.3463,8.0275
CG [Eigen],erdos_5000_p0.04,5000,1006462,1.571170e-04,6.637421e-02,6.653133e-02,6,7.406564e-09,0.0000,0.0661
RCHOL+MKL [Chen20],erdos_5000_p0.04,5000,1006462,2.566918e-01,4.739013e-02,3.040819e-01,11,4.966558e-07,3.4229,0.3021
CHOLMOD [SuiteSparse],erdos_5000_p0.04,5000,1006462,1.016057e+00,2.778708e-02,1.043845e+00,1,7.213843e-16,0.0000,1.0371
AMG+CG [AMGCL],erdos_5000_p0.04,5000,1006462,1.144355e-01,6.350531e-01,7.494886e-01,6,3.348969e-02,0.0000,0.7447
ApxChol+PCG [Kyng16],erdos_10000_p0.02,10000,2012820,2.305527e+01,7.157178e-01,2.377099e+01,37,6.991841e-09,4.0002,11.8098
CG [Eigen],erdos_10000_p0.02,10000,2012820,4.442580e-04,7.670941e-02,7.715367e-02,6,7.869923e-09,0.0000,0.0383
RCHOL+MKL [Chen20],erdos_10000_p0.02,10000,2012820,5.472325e-01,1.175927e-01,6.648252e-01,12,4.974038e-07,4.0799,0.3303
AMG+CG [AMGCL],erdos_10000_p0.02,10000,2012820,1.146589e-01,7.279854e-01,8.426443e-01,7,6.599094e-03,0.0000,0.4186
AC2 [Kyng16;Jl],checker_100_k1_t4,10000,49600,6.983661e-03,2.242922e-02,2.941288e-02,0,8.639878e-09,0.0000,0.5930
AC2 [Kyng16;Jl],checker_200_k1_t4,40000,199200,9.127239e-02,4.452815e-01,5.365539e-01,0,9.773554e-09,0.0000,2.6935
AC2 [Kyng16;Jl],checker_500_k1_t4,250000,1248000,6.225578e-01,8.063476e-01,1.428905e+00,0,4.886709e-09,0.0000,1.1450
AC2 [Kyng16;Jl],checker_1000_k1_t4,1000000,4996000,2.849055e+00,1.394618e+00,4.243672e+00,0,8.891061e-09,0.0000,0.8494
AC2 [Kyng16;Jl],checker_1500_k1_t4,2250000,11244000,5.511354e+00,3.381235e+00,8.892589e+00,0,9.243072e-09,0.0000,0.7909
AC2 [Kyng16;Jl],checker_2000_k1_t4,4000000,19992000,9.917451e+00,5.811426e+00,1.572888e+01,0,9.563944e-09,0.0000,0.7868
AC2 [Kyng16;Jl],checker_3000_k1_t4,9000000,44988000,2.340341e+01,1.524148e+01,3.864489e+01,0,8.454533e-09,0.0000,0.8590
AC2 [Kyng16;Jl],grid_100,10000,49600,6.667353e-03,2.113510e-02,2.780245e-02,0,6.087309e-09,0.0000,0.5605
AC2 [Kyng16;Jl],grid_200,40000,199200,9.478736e-02,4.291722e-01,5.239596e-01,0,7.381745e-09,0.0000,2.6303
AC2 [Kyng16;Jl],grid_500,250000,1248000,7.343380e-01,6.882191e-01,1.422557e+00,0,6.887226e-09,0.0000,1.1399
AC2 [Kyng16;Jl],grid_1000,1000000,4996000,2.708361e+00,1.425501e+00,4.133862e+00,0,8.492465e-09,0.0000,0.8274
AC2 [Kyng16;Jl],grid_1500,2250000,11244000,5.906512e+00,3.712744e+00,9.619256e+00,0,7.948977e-09,0.0000,0.8555
AC2 [Kyng16;Jl],grid_2000,4000000,19992000,9.597926e+00,6.840918e+00,1.643884e+01,0,7.106024e-09,0.0000,0.8223
AC2 [Kyng16;Jl],grid_3000,9000000,44988000,2.393556e+01,1.584857e+01,3.978413e+01,0,5.696384e-09,0.0000,0.8843
AC2 [Kyng16;Jl],erdos_500_p0.8,500,200326,1.175556e-01,2.401086e-02,1.415665e-01,0,1.513208e-09,0.0000,0.7067
AC2 [Kyng16;Jl],erdos_1000_p0.5,1000,500726,3.860990e-01,2.875032e-02,4.148493e-01,0,1.432421e-09,0.0000,0.8285
AC2 [Kyng16;Jl],erdos_3000_p0.1,3000,904334,8.979771e-01,5.746497e-02,9.554420e-01,0,1.875134e-09,0.0000,1.0565
AC2 [Kyng16;Jl],erdos_5000_p0.04,5000,1004788,1.383250e+00,7.901588e-02,1.462266e+00,0,1.935244e-09,0.0000,1.4553
AC2 [Kyng16;Jl],erdos_10000_p0.02,10000,2004980,3.411377e+00,1.283747e-01,3.539752e+00,0,8.811655e-09,0.0000,1.7655
GPU-RCHOL+PCG [Liang25],checker_100_k1_t4,10000,49600,6.120850e-02,5.447300e-01,6.059385e-01,34,1.607814e-08,0.0000,12.2165
GPU-RCHOL+PCG [Liang25],checker_200_k1_t4,40000,199200,1.707290e-01,2.006267e+00,2.176996e+00,38,1.395319e-08,0.0000,10.9287
GPU-RCHOL+PCG [Liang25],checker_500_k1_t4,250000,1248000,1.196440e+00,1.707941e+01,1.827585e+01,46,7.835331e-09,0.0000,14.6441
GPU-RCHOL+PCG [Liang25],checker_1000_k1_t4,1000000,4996000,4.587070e+00,7.816347e+01,8.275054e+01,54,1.421980e-08,0.0000,16.5634
GPU-RCHOL+PCG [Liang25],checker_1500_k1_t4,2250000,11244000,1.158660e+01,2.232038e+02,2.347904e+02,62,1.394112e-08,0.0000,20.8814
GPU-RCHOL+PCG [Liang25],grid_100,10000,49600,4.642000e-02,5.308870e-01,5.773070e-01,35,1.482171e-08,0.0000,11.6393
GPU-RCHOL+PCG [Liang25],grid_200,40000,199200,2.059110e-01,2.347100e+00,2.553011e+00,38,9.044521e-09,0.0000,12.8163
GPU-RCHOL+PCG [Liang25],grid_500,250000,1248000,1.138200e+00,1.633545e+01,1.747365e+01,45,1.255121e-08,0.0000,14.0013
GPU-RCHOL+PCG [Liang25],grid_1000,1000000,4996000,4.538580e+00,7.913231e+01,8.367089e+01,55,1.198471e-08,0.0000,16.7476
GPU-RCHOL+PCG [Liang25],grid_1500,2250000,11244000,1.066170e+01,2.146767e+02,2.253384e+02,64,8.931467e-09,0.0000,20.0408
GPU-RCHOL+PCG [Liang25],erdos_500_p0.8,500,200228,1.210990e-01,7.627498e-02,1.973740e-01,17,5.458240e-09,0.0000,0.9857
GPU-RCHOL+PCG [Liang25],erdos_1000_p0.5,1000,501324,3.511660e-01,1.037919e-01,4.549579e-01,17,2.108226e-09,0.0000,0.9075
GPU-RCHOL+PCG [Liang25],erdos_3000_p0.1,3000,901800,6.627530e-01,1.770191e-01,8.397721e-01,16,8.894690e-09,0.0000,0.9312
GPU-RCHOL+PCG [Liang25],erdos_5000_p0.04,5000,1004642,8.149240e-01,2.173151e-01,1.032239e+00,15,8.198675e-09,0.0000,1.0275
ApxChol+PCG [Kyng16],apache2.mtx,715176,4817870,4.679013e+00,1.631623e+00,6.310636e+00,49,8.197322e-09,2.4366,1.3098
CG [Eigen],apache2.mtx,715176,4817870,4.111317e-03,4.972525e+00,4.976636e+00,500,2.436214e-07,0.0000,1.0330
RCHOL+MKL [Chen20],apache2.mtx,715176,4817870,1.246364e+00,8.245605e-01,2.070924e+00,23,7.569761e-09,6.5286,0.4298
CHOLMOD [SuiteSparse],apache2.mtx,715176,4817870,9.143528e+00,5.962014e-01,9.739729e+00,1,1.400361e-16,0.0000,2.0216
AMG+CG [AMGCL],apache2.mtx,715176,4817870,1.088856e+00,5.484359e+00,6.573216e+00,17,7.420492e-06,0.0000,1.3643
ApxChol+PCG [Kyng16],bcsstk01.mtx,48,400,1.176420e-04,1.031900e-05,1.279610e-04,8,1.924825e-09,1.7300,0.3199
CG [Eigen],bcsstk01.mtx,48,400,3.810000e-07,7.043000e-06,7.424000e-06,31,3.163851e-09,0.0000,0.0186
LDLT [Eigen],bcsstk01.mtx,48,400,2.563900e-05,4.168000e-06,2.980700e-05,1,1.738196e-16,0.0000,0.0745
RCHOL+MKL [Chen20],bcsstk01.mtx,48,400,4.818100e-05,2.581900e-05,7.400000e-05,9,7.821126e-09,1.7700,0.1850
CHOLMOD [SuiteSparse],bcsstk01.mtx,48,400,3.988600e-05,5.450000e-06,4.533600e-05,1,1.446700e-16,0.0000,0.1133
AMG+CG [AMGCL],bcsstk01.mtx,48,400,9.596882e-02,9.701443e-02,1.929832e-01,1,8.171893e-02,0.0000,482.4581
ApxChol+PCG [Kyng16],bcsstk13.mtx,2003,83883,9.236043e-02,1.525868e-01,2.449472e-01,17,5.696035e-09,1.7771,2.9201
CG [Eigen],bcsstk13.mtx,2003,83883,4.741900e-05,8.488976e-01,8.489450e-01,103,9.626160e-09,0.0000,10.1206
LDLT [Eigen],bcsstk13.mtx,2003,83883,1.650297e-02,1.421993e-03,1.792496e-02,1,3.191741e-16,0.0000,0.2137
RCHOL+MKL [Chen20],bcsstk13.mtx,2003,83883,1.172470e-02,2.834438e-03,1.455914e-02,16,3.012657e-09,2.0257,0.1736
CHOLMOD [SuiteSparse],bcsstk13.mtx,2003,83883,6.876524e-03,7.147880e-04,7.591312e-03,1,2.550617e-16,0.0000,0.0905
AMG+CG [AMGCL],bcsstk13.mtx,2003,83883,2.540616e-01,8.541030e-02,3.394719e-01,1,6.485630e-07,0.0000,4.0470
ApxChol+PCG [Kyng16],chesapeake.mtx,39,379,8.247500e-05,1.223400e-05,9.470900e-05,11,1.541581e-09,1.2612,0.2499
CG [Eigen],chesapeake.mtx,39,379,4.710000e-07,3.517000e-06,3.988000e-06,14,6.600389e-09,0.0000,0.0105
LDLT [Eigen],chesapeake.mtx,39,379,3.027700e-05,2.966000e-06,3.324300e-05,1,2.339030e-16,0.0000,0.0877
RCHOL+MKL [Chen20],chesapeake.mtx,39,379,9.331710e-04,2.345730e-04,1.167744e-03,11,9.158997e-06,1.2982,3.0811
CHOLMOD [SuiteSparse],chesapeake.mtx,39,379,2.676000e-05,2.676000e-06,2.943600e-05,1,1.469046e-16,0.0000,0.0777
AMG+CG [AMGCL],chesapeake.mtx,39,379,9.465153e-02,8.700127e-02,1.816528e-01,1,4.263995e-01,0.0000,479.2950
ApxChol+PCG [Kyng16],delaunay_n10.mtx,1024,7136,2.204439e-03,4.372550e-04,2.641694e-03,21,8.970347e-09,1.8582,0.3702
CG [Eigen],delaunay_n10.mtx,1024,7136,3.997000e-06,4.001850e-04,4.041820e-04,99,9.070750e-09,0.0000,0.0566
LDLT [Eigen],delaunay_n10.mtx,1024,7136,6.122150e-04,1.133040e-04,7.255190e-04,1,1.378170e-16,0.0000,0.1017
RCHOL+MKL [Chen20],delaunay_n10.mtx,1024,7136,8.141860e-04,6.947610e-04,1.508947e-03,23,1.507552e-05,2.0776,0.2115
CHOLMOD [SuiteSparse],delaunay_n10.mtx,1024,7136,7.461080e-04,9.048100e-05,8.365890e-04,1,1.364029e-16,0.0000,0.1172
AMG+CG [AMGCL],delaunay_n10.mtx,1024,7136,9.079047e-02,8.399193e-02,1.747824e-01,1,4.591421e-02,0.0000,24.4930
ApxChol+PCG [Kyng16],delaunay_n13.mtx,8192,57286,2.070309e-02,2.448381e-01,2.655412e-01,27,7.288486e-09,1.8834,4.6354
CG [Eigen],delaunay_n13.mtx,8192,57286,6.906000e-05,1.865936e+00,1.866005e+00,237,9.226311e-09,0.0000,32.5735
LDLT [Eigen],delaunay_n13.mtx,8192,57286,5.790064e-03,1.212928e-03,7.002992e-03,1,1.374521e-16,0.0000,0.1222
RCHOL+MKL [Chen20],delaunay_n13.mtx,8192,57286,4.912969e-03,6.124014e-03,1.103698e-02,27,1.500621e-05,2.2787,0.1927
CHOLMOD [SuiteSparse],delaunay_n13.mtx,8192,57286,1.130869e-02,1.484060e-03,1.279275e-02,1,1.332981e-16,0.0000,0.2233
AMG+CG [AMGCL],delaunay_n13.mtx,8192,57286,3.074235e-01,1.901010e+00,2.208433e+00,15,1.114709e-02,0.0000,38.5510
ApxChol+PCG [Kyng16],delaunay_n15.mtx,32768,229316,8.058666e-02,3.071084e-01,3.876950e-01,33,9.238988e-09,1.9035,1.6907
CG [Eigen],delaunay_n15.mtx,32768,229316,2.919610e-04,2.866895e+00,2.867187e+00,370,9.816356e-09,0.0000,12.5032
RCHOL+MKL [Chen20],delaunay_n15.mtx,32768,229316,3.299102e-02,3.703483e-02,7.002586e-02,31,1.504692e-05,2.3454,0.3054
CHOLMOD [SuiteSparse],delaunay_n15.mtx,32768,229316,4.162105e-02,5.772040e-03,4.739309e-02,1,1.309849e-16,0.0000,0.2067
AMG+CG [AMGCL],delaunay_n15.mtx,32768,229316,4.949157e-01,3.201944e+00,3.696859e+00,17,9.786200e-03,0.0000,16.1212
ApxChol+PCG [Kyng16],delaunay_n17.mtx,131072,917424,5.228709e-01,3.864123e-01,9.092832e-01,37,9.847825e-09,1.9053,0.9911
CG [Eigen],delaunay_n17.mtx,131072,917424,1.048558e-03,3.995195e+00,3.996243e+00,500,1.281534e-07,0.0000,4.3559
RCHOL+MKL [Chen20],delaunay_n17.mtx,131072,917424,1.045437e-01,1.833790e-01,2.879227e-01,36,1.508662e-05,2.3832,0.3138
CHOLMOD [SuiteSparse],delaunay_n17.mtx,131072,917424,1.947040e-01,4.369772e-02,2.384017e-01,1,1.419902e-16,0.0000,0.2599
AMG+CG [AMGCL],delaunay_n17.mtx,131072,917424,5.007351e-01,3.352501e+00,3.853236e+00,17,8.330912e-04,0.0000,4.2001
ApxChol+PCG [Kyng16],ecology1.mtx,1000000,4996000,3.867118e+00,1.569005e+00,5.436123e+00,47,8.906891e-09,2.2458,1.0881
CG [Eigen],ecology1.mtx,1000000,4996000,3.151085e-03,5.258604e+00,5.261755e+00,500,4.573757e-07,0.0000,1.0532
RCHOL+MKL [Chen20],ecology1.mtx,1000000,4996000,7.749700e-01,1.528018e+00,2.302988e+00,42,2.278339e-06,3.8906,0.4610
CHOLMOD [SuiteSparse],ecology1.mtx,1000000,4996000,1.549678e+00,4.086776e-01,1.958356e+00,1,1.089450e-16,0.0000,0.3920
AMG+CG [AMGCL],ecology1.mtx,1000000,4996000,8.054470e-01,3.112725e+00,3.918172e+00,12,1.649408e-04,0.0000,0.7843
ApxChol+PCG [Kyng16],ecology2.mtx,999999,4995991,3.875270e+00,1.625589e+00,5.500860e+00,49,7.897606e-09,2.2453,1.1011
CG [Eigen],ecology2.mtx,999999,4995991,3.220105e-03,5.252521e+00,5.255741e+00,500,4.529435e-07,0.0000,1.0520
RCHOL+MKL [Chen20],ecology2.mtx,999999,4995991,7.565880e-01,1.580930e+00,2.337518e+00,43,2.278222e-06,3.8670,0.4679
CHOLMOD [SuiteSparse],ecology2.mtx,999999,4995991,1.647631e+00,4.068174e-01,2.054449e+00,1,1.176509e-16,0.0000,0.4112
AMG+CG [AMGCL],ecology2.mtx,999999,4995991,7.797490e-01,3.110670e+00,3.890419e+00,12,3.941238e-04,0.0000,0.7787
ApxChol+PCG [Kyng16],G3_circuit.mtx,1585478,7660826,8.063258e+00,2.386347e+00,1.044960e+01,44,7.628666e-09,2.4393,1.3640
CG [Eigen],G3_circuit.mtx,1585478,7660826,5.234215e-03,6.727080e+00,6.732314e+00,500,5.829140e-07,0.0000,0.8788
RCHOL+MKL [Chen20],G3_circuit.mtx,1585478,7660826,1.523818e+00,2.071147e+00,3.594965e+00,34,2.348989e-07,4.8516,0.4693
CHOLMOD [SuiteSparse],G3_circuit.mtx,1585478,7660826,1.041441e+01,7.182935e-01,1.113270e+01,1,1.249033e-16,0.0000,1.4532
AMG+CG [AMGCL],G3_circuit.mtx,1585478,7660826,1.058300e+00,5.343436e+00,6.401736e+00,19,6.783093e-06,0.0000,0.8356
ApxChol+PCG [Kyng16],parabolic_fem.mtx,525825,3674625,3.586157e+00,1.040171e+00,4.626329e+00,44,9.795893e-09,2.0455,1.2590
CG [Eigen],parabolic_fem.mtx,525825,3674625,2.886786e-03,4.501959e+00,4.504846e+00,500,4.142862e-07,0.0000,1.2259
RCHOL+MKL [Chen20],parabolic_fem.mtx,525825,3674625,5.683819e-01,8.262053e-01,1.394587e+00,49,2.237968e-04,2.1852,0.3795
CHOLMOD [SuiteSparse],parabolic_fem.mtx,525825,3674625,1.162431e+00,2.606309e-01,1.423062e+00,1,1.296890e-16,0.0000,0.3873
AMG+CG [AMGCL],parabolic_fem.mtx,525825,3674625,8.052713e-01,5.173444e+00,5.978716e+00,20,1.166314e-04,0.0000,1.6270
ApxChol+PCG [Kyng16],shallow_water1.mtx,81920,327680,1.655187e-01,3.311246e-01,4.966433e-01,40,8.337329e-09,2.4198,1.5156
CG [Eigen],shallow_water1.mtx,81920,327680,3.430880e-04,3.992336e+00,3.992680e+00,500,1.833220e-07,0.0000,12.1847
RCHOL+MKL [Chen20],shallow_water1.mtx,81920,327680,4.976091e-02,9.227245e-02,1.420334e-01,33,7.407593e-09,3.5604,0.4335
CHOLMOD [SuiteSparse],shallow_water1.mtx,81920,327680,1.225553e-01,3.104988e-02,1.536052e-01,1,1.023695e-16,0.0000,0.4688
AMG+CG [AMGCL],shallow_water1.mtx,81920,327680,5.201986e-01,3.103918e+00,3.624117e+00,16,5.477060e-03,0.0000,11.0599
ApxChol+PCG [Kyng16],shallow_water2.mtx,81920,327680,1.745397e-01,3.551630e-01,5.297027e-01,42,8.959396e-09,2.4169,1.6165
CG [Eigen],shallow_water2.mtx,81920,327680,2.010600e-04,4.056146e+00,4.056347e+00,500,1.833548e-07,0.0000,12.3790
RCHOL+MKL [Chen20],shallow_water2.mtx,81920,327680,4.888084e-02,7.100271e-02,1.198836e-01,32,7.864056e-09,3.5598,0.3659
CHOLMOD [SuiteSparse],shallow_water2.mtx,81920,327680,1.039638e-01,2.296724e-02,1.269311e-01,1,9.564520e-17,0.0000,0.3874
AMG+CG [AMGCL],shallow_water2.mtx,81920,327680,5.207449e-01,2.970827e+00,3.491572e+00,16,5.476750e-03,0.0000,10.6554
ApxChol+PCG [Kyng16],parabolic_fem.mtx,525825,3674625,3.453729e+00,1.061895e+00,4.515624e+00,45,8.310008e-09,2.0447,1.2289
CG [Eigen],parabolic_fem.mtx,525825,3674625,2.788621e-03,4.434541e+00,4.437330e+00,500,4.142862e-07,0.0000,1.2076
RCHOL+MKL [Chen20],parabolic_fem.mtx,525825,3674625,4.234501e-01,8.094074e-01,1.232858e+00,47,2.237968e-04,2.1826,0.3355
CHOLMOD [SuiteSparse],parabolic_fem.mtx,525825,3674625,1.117293e+00,2.442035e-01,1.361497e+00,1,1.296890e-16,0.0000,0.3705
AMG+CG [AMGCL],parabolic_fem.mtx,525825,3674625,7.922184e-01,5.161374e+00,5.953593e+00,20,1.166314e-04,0.0000,1.6202
ApxChol+PCG [Kyng16],ecology1.mtx,1000000,4996000,4.073043e+00,1.532775e+00,5.605818e+00,48,9.065395e-09,2.2452,1.1221
CG [Eigen],ecology1.mtx,1000000,4996000,3.160824e-03,5.595497e+00,5.598658e+00,500,4.573757e-07,0.0000,1.1206
RCHOL+MKL [Chen20],ecology1.mtx,1000000,4996000,7.834702e-01,1.465529e+00,2.248999e+00,41,2.278335e-06,3.8802,0.4502
CHOLMOD [SuiteSparse],ecology1.mtx,1000000,4996000,1.578730e+00,4.313526e-01,2.010083e+00,1,1.089450e-16,0.0000,0.4023
AMG+CG [AMGCL],ecology1.mtx,1000000,4996000,8.489545e-01,3.193961e+00,4.042915e+00,12,1.649408e-04,0.0000,0.8092
ApxChol+PCG [Kyng16],ecology2.mtx,999999,4995991,3.995124e+00,1.515719e+00,5.510843e+00,48,9.134296e-09,2.2448,1.1031
CG [Eigen],ecology2.mtx,999999,4995991,3.163719e-03,5.418492e+00,5.421655e+00,500,4.529435e-07,0.0000,1.0852
RCHOL+MKL [Chen20],ecology2.mtx,999999,4995991,7.641443e-01,1.468101e+00,2.232245e+00,43,2.278219e-06,3.8750,0.4468
CHOLMOD [SuiteSparse],ecology2.mtx,999999,4995991,1.716621e+00,4.073262e-01,2.123948e+00,1,1.176509e-16,0.0000,0.4251
AMG+CG [AMGCL],ecology2.mtx,999999,4995991,8.155926e-01,3.198766e+00,4.014358e+00,12,3.941238e-04,0.0000,0.8035
ApxChol+PCG [Kyng16],apache2.mtx,715176,4817870,4.525959e+00,1.449591e+00,5.975551e+00,49,8.812441e-09,2.4365,1.2403
CG [Eigen],apache2.mtx,715176,4817870,3.286932e-03,5.457474e+00,5.460761e+00,500,2.436214e-07,0.0000,1.1334
RCHOL+MKL [Chen20],apache2.mtx,715176,4817870,1.863543e+00,1.484759e+00,3.348301e+00,23,9.151213e-09,6.5148,0.6950
CHOLMOD [SuiteSparse],apache2.mtx,715176,4817870,9.336196e+00,5.896440e-01,9.925840e+00,1,1.400361e-16,0.0000,2.0602
AMG+CG [AMGCL],apache2.mtx,715176,4817870,1.079688e+00,5.701316e+00,6.781005e+00,17,7.420492e-06,0.0000,1.4075
ApxChol+PCG [Kyng16],G3_circuit.mtx,1585478,7660826,8.693171e+00,2.745810e+00,1.143898e+01,45,7.621089e-09,2.4398,1.4932
CG [Eigen],G3_circuit.mtx,1585478,7660826,5.450433e-03,8.222827e+00,8.228277e+00,500,5.829140e-07,0.0000,1.0741
RCHOL+MKL [Chen20],G3_circuit.mtx,1585478,7660826,1.688907e+00,2.081427e+00,3.770335e+00,34,2.349517e-07,4.8453,0.4922
CHOLMOD [SuiteSparse],G3_circuit.mtx,1585478,7660826,1.048631e+01,7.329391e-01,1.121925e+01,1,1.249033e-16,0.0000,1.4645
AMG+CG [AMGCL],G3_circuit.mtx,1585478,7660826,1.128579e+00,5.585508e+00,6.714088e+00,19,6.783093e-06,0.0000,0.8764
AC2 [Kyng16;Jl],parabolic_fem.mtx,525825,3674625,1.804588e+00,1.151899e+00,2.956487e+00,0,6.158232e-09,0.0000,0.8046
AC2 [Kyng16;Jl],ecology1.mtx,1000000,4996000,2.387332e+00,1.315730e+00,3.703062e+00,0,6.249316e-09,0.0000,0.7412
AC2 [Kyng16;Jl],ecology2.mtx,999999,4995991,2.618236e+00,1.321281e+00,3.939518e+00,0,8.214331e-09,0.0000,0.7885
AC2 [Kyng16;Jl],apache2.mtx,715176,4817870,3.062674e+00,1.119623e+00,4.182297e+00,0,4.901562e-09,0.0000,0.8681
AC2 [Kyng16;Jl],G3_circuit.mtx,1585478,7660826,4.604719e+00,1.886996e+00,6.491715e+00,0,7.106361e-09,0.0000,0.8474
GPU-RCHOL+PCG [Liang25],parabolic_fem,525825,3674625,1.304150e-01,9.278742e-01,1.058289e+00,70,2.082814e-08,0.0000,0.2880
GPU-RCHOL+PCG [Liang25],ecology1,1000000,4996000,4.554510e+00,6.964579e+01,7.420030e+01,48,9.744457e-09,0.0000,14.8519
GPU-RCHOL+PCG [Liang25],ecology2,999999,4995991,4.455690e+00,7.065124e+01,7.510693e+01,50,1.029763e-08,0.0000,15.0334
ApxChol+PCG [Kyng16],aniso_nnz100K_s1e+00.mtx,15625,105625,6.861208e-02,4.619947e-01,5.306068e-01,39,7.503036e-09,2.7167,5.0235
CG [Eigen],aniso_nnz100K_s1e+00.mtx,15625,105625,9.519700e-05,1.517685e+00,1.517780e+00,128,8.343659e-09,0.0000,14.3695
LDLT [Eigen],aniso_nnz100K_s1e+00.mtx,15625,105625,5.811167e-01,3.308167e-02,6.141984e-01,1,1.372432e-16,0.0000,5.8149
RCHOL+MKL [Chen20],aniso_nnz100K_s1e+00.mtx,15625,105625,4.425035e-02,1.826467e-02,6.251502e-02,16,1.579844e-05,6.1975,0.5919
CHOLMOD [SuiteSparse],aniso_nnz100K_s1e+00.mtx,15625,105625,2.487906e-01,1.216171e-02,2.609523e-01,1,1.318253e-16,0.0000,2.4706
AMG+CG [AMGCL],aniso_nnz100K_s1e+00.mtx,15625,105625,5.329695e-01,2.021117e+00,2.554086e+00,12,4.416065e-03,0.0000,24.1807
ApxChol+PCG [Kyng16],aniso_nnz100K_s1e+01.mtx,14045,91637,4.347534e-02,2.874463e-01,3.309216e-01,34,8.141186e-09,2.5583,3.6112
CG [Eigen],aniso_nnz100K_s1e+01.mtx,14045,91637,6.538200e-05,1.777784e+00,1.777850e+00,213,9.993369e-09,0.0000,19.4010
LDLT [Eigen],aniso_nnz100K_s1e+01.mtx,14045,91637,6.162799e-02,5.704569e-03,6.733256e-02,1,1.347548e-16,0.0000,0.7348
RCHOL+MKL [Chen20],aniso_nnz100K_s1e+01.mtx,14045,91637,1.509491e-02,8.896807e-03,2.399171e-02,19,1.652890e-05,4.4089,0.2618
CHOLMOD [SuiteSparse],aniso_nnz100K_s1e+01.mtx,14045,91637,3.279573e-02,5.921153e-03,3.871688e-02,1,1.327786e-16,0.0000,0.4225
AMG+CG [AMGCL],aniso_nnz100K_s1e+01.mtx,14045,91637,3.522143e-01,1.310117e+00,1.662331e+00,10,1.057311e-02,0.0000,18.1404
ApxChol+PCG [Kyng16],aniso_nnz100K_s1e-01.mtx,13915,92103,4.768325e-02,3.185533e-01,3.662366e-01,38,7.806871e-09,2.6239,3.9764
CG [Eigen],aniso_nnz100K_s1e-01.mtx,13915,92103,4.570500e-05,2.043055e+00,2.043101e+00,246,8.201975e-09,0.0000,22.1828
LDLT [Eigen],aniso_nnz100K_s1e-01.mtx,13915,92103,3.537036e-02,4.542240e-03,3.991260e-02,1,1.332062e-16,0.0000,0.4333
RCHOL+MKL [Chen20],aniso_nnz100K_s1e-01.mtx,13915,92103,1.952483e-02,1.221764e-02,3.174248e-02,18,1.633237e-05,4.8178,0.3446
CHOLMOD [SuiteSparse],aniso_nnz100K_s1e-01.mtx,13915,92103,2.601373e-02,3.573742e-03,2.958747e-02,1,1.333635e-16,0.0000,0.3212
AMG+CG [AMGCL],aniso_nnz100K_s1e-01.mtx,13915,92103,3.090611e-01,1.264830e+00,1.573891e+00,10,3.151016e-03,0.0000,17.0884
ApxChol+PCG [Kyng16],aniso_nnz100K_s1e+02.mtx,15129,75153,3.106659e-02,2.888543e-01,3.199209e-01,35,7.662707e-09,2.2241,4.2569
CG [Eigen],aniso_nnz100K_s1e+02.mtx,15129,75153,6.296800e-05,3.261878e+00,3.261941e+00,396,9.818492e-09,0.0000,43.4040
LDLT [Eigen],aniso_nnz100K_s1e+02.mtx,15129,75153,1.051694e-02,2.514185e-03,1.303113e-02,1,1.143973e-16,0.0000,0.1734
RCHOL+MKL [Chen20],aniso_nnz100K_s1e+02.mtx,15129,75153,7.634288e-03,1.125495e-02,1.888924e-02,27,2.219710e-05,3.3058,0.2513
CHOLMOD [SuiteSparse],aniso_nnz100K_s1e+02.mtx,15129,75153,1.653585e-02,2.607870e-03,1.914372e-02,1,1.188728e-16,0.0000,0.2547
AMG+CG [AMGCL],aniso_nnz100K_s1e+02.mtx,15129,75153,2.731490e-01,1.268962e+00,1.542111e+00,10,1.237253e-03,0.0000,20.5196
ApxChol+PCG [Kyng16],aniso_nnz100K_s1e-02.mtx,13575,84115,3.328093e-02,2.749217e-01,3.082027e-01,32,9.680830e-09,2.3483,3.6641
CG [Eigen],aniso_nnz100K_s1e-02.mtx,13575,84115,6.412000e-05,4.042384e+00,4.042448e+00,500,1.234585e-06,0.0000,48.0586
LDLT [Eigen],aniso_nnz100K_s1e-02.mtx,13575,84115,4.592930e-03,1.486778e-03,6.079708e-03,1,1.330700e-16,0.0000,0.0723
RCHOL+MKL [Chen20],aniso_nnz100K_s1e-02.mtx,13575,84115,1.006315e-02,9.209535e-03,1.927268e-02,21,1.731474e-05,3.1275,0.2291
CHOLMOD [SuiteSparse],aniso_nnz100K_s1e-02.mtx,13575,84115,5.338583e-03,8.920060e-04,6.230589e-03,1,1.208571e-16,0.0000,0.0741
AMG+CG [AMGCL],aniso_nnz100K_s1e-02.mtx,13575,84115,3.022801e-01,1.326043e+00,1.628323e+00,10,1.507005e-02,0.0000,19.3583
ApxChol+PCG [Kyng16],aniso_nnz100K_s1e-03.mtx,23697,134265,5.197857e-02,3.197246e-01,3.717032e-01,37,6.307741e-09,2.1107,2.7684
CG [Eigen],aniso_nnz100K_s1e-03.mtx,23697,134265,1.058080e-04,3.961735e+00,3.961840e+00,500,1.561507e-06,0.0000,29.5076
LDLT [Eigen],aniso_nnz100K_s1e-03.mtx,23697,134265,5.739085e-03,1.851860e-03,7.590945e-03,1,1.273001e-16,0.0000,0.0565
RCHOL+MKL [Chen20],aniso_nnz100K_s1e-03.mtx,23697,134265,1.169384e-02,1.705640e-02,2.875025e-02,25,1.921520e-05,2.2953,0.2141
CHOLMOD [SuiteSparse],aniso_nnz100K_s1e-03.mtx,23697,134265,1.025880e-02,1.871177e-03,1.212998e-02,1,1.273874e-16,0.0000,0.0903
AMG+CG [AMGCL],aniso_nnz100K_s1e-03.mtx,23697,134265,5.300829e-01,1.912981e+00,2.443064e+00,10,1.740373e-03,0.0000,18.1958
ApxChol+PCG [Kyng16],aniso_nnz2M_s1e+00.mtx,287496,1986336,2.407400e+00,1.084022e+00,3.491422e+00,63,9.526330e-09,2.8568,1.7577
CG [Eigen],aniso_nnz2M_s1e+00.mtx,287496,1986336,1.746454e-03,2.443501e+00,2.445248e+00,290,9.725895e-09,0.0000,1.2310
RCHOL+MKL [Chen20],aniso_nnz2M_s1e+00.mtx,287496,1986336,8.517286e-01,3.212763e-01,1.173005e+00,16,1.562396e-05,9.4612,0.5905
CHOLMOD [SuiteSparse],aniso_nnz2M_s1e+00.mtx,287496,1986336,1.078351e+01,3.903433e-01,1.117385e+01,1,1.362348e-16,0.0000,5.6254
AMG+CG [AMGCL],aniso_nnz2M_s1e+00.mtx,287496,1986336,7.600656e-01,2.297761e+00,3.057827e+00,11,8.996370e-04,0.0000,1.5394
ApxChol+PCG [Kyng16],aniso_nnz2M_s1e+01.mtx,286286,1955096,2.466885e+00,9.737474e-01,3.440632e+00,60,7.461582e-09,2.7907,1.7598
CG [Eigen],aniso_nnz2M_s1e+01.mtx,286286,1955096,1.214572e-03,4.137970e+00,4.139184e+00,500,1.398787e-08,0.0000,2.1171
RCHOL+MKL [Chen20],aniso_nnz2M_s1e+01.mtx,286286,1955096,5.113026e-01,2.541959e-01,7.654985e-01,18,1.578669e-05,6.4746,0.3915
CHOLMOD [SuiteSparse],aniso_nnz2M_s1e+01.mtx,286286,1955096,4.574659e+00,3.241747e-01,4.898834e+00,1,1.365823e-16,0.0000,2.5057
AMG+CG [AMGCL],aniso_nnz2M_s1e+01.mtx,286286,1955096,6.008773e-01,2.261685e+00,2.862562e+00,11,3.199175e-04,0.0000,1.4642
ApxChol+PCG [Kyng16],aniso_nnz2M_s1e-01.mtx,295988,2031802,2.462768e+00,9.939189e-01,3.456687e+00,55,7.638011e-09,2.8137,1.7013
CG [Eigen],aniso_nnz2M_s1e-01.mtx,295988,2031802,1.056849e-03,4.310387e+00,4.311444e+00,500,7.724501e-08,0.0000,2.1220
RCHOL+MKL [Chen20],aniso_nnz2M_s1e-01.mtx,295988,2031802,6.892897e-01,2.932760e-01,9.825657e-01,18,1.570870e-05,8.2403,0.4836
CHOLMOD [SuiteSparse],aniso_nnz2M_s1e-01.mtx,295988,2031802,5.013891e+00,3.008273e-01,5.314718e+00,1,1.370450e-16,0.0000,2.6158
AMG+CG [AMGCL],aniso_nnz2M_s1e-01.mtx,295988,2031802,5.649176e-01,2.404678e+00,2.969595e+00,12,4.639259e-04,0.0000,1.4616
ApxChol+PCG [Kyng16],aniso_nnz2M_s1e+02.mtx,299568,1893472,1.755953e+00,6.466895e-01,2.402643e+00,42,7.620800e-09,2.4472,1.2689
CG [Eigen],aniso_nnz2M_s1e+02.mtx,299568,1893472,4.030992e-03,4.093000e+00,4.097031e+00,500,3.648939e-07,0.0000,2.1638
RCHOL+MKL [Chen20],aniso_nnz2M_s1e+02.mtx,299568,1893472,3.480758e-01,3.150522e-01,6.631280e-01,25,1.716522e-05,4.1284,0.3502
CHOLMOD [SuiteSparse],aniso_nnz2M_s1e+02.mtx,299568,1893472,1.843818e+00,1.664815e-01,2.010299e+00,1,1.261380e-16,0.0000,1.0617
AMG+CG [AMGCL],aniso_nnz2M_s1e+02.mtx,299568,1893472,6.152474e-01,2.326702e+00,2.941950e+00,12,1.018498e-03,0.0000,1.5537
ApxChol+PCG [Kyng16],aniso_nnz2M_s1e-02.mtx,281848,1892016,1.786568e+00,6.716730e-01,2.458241e+00,45,9.739750e-09,2.6828,1.2993
CG [Eigen],aniso_nnz2M_s1e-02.mtx,281848,1892016,1.728539e-03,4.095293e+00,4.097022e+00,500,4.179301e-07,0.0000,2.1654
RCHOL+MKL [Chen20],aniso_nnz2M_s1e-02.mtx,281848,1892016,3.913443e-01,3.255962e-01,7.169405e-01,23,1.606860e-05,5.5293,0.3789
CHOLMOD [SuiteSparse],aniso_nnz2M_s1e-02.mtx,281848,1892016,7.780496e-01,2.010190e-01,9.790686e-01,1,1.352652e-16,0.0000,0.5175
AMG+CG [AMGCL],aniso_nnz2M_s1e-02.mtx,281848,1892016,5.706775e-01,2.362109e+00,2.932787e+00,12,5.741937e-04,0.0000,1.5501
ApxChol+PCG [Kyng16],aniso_nnz2M_s1e+03.mtx,591361,2953729,2.283944e+00,9.914924e-01,3.275437e+00,45,9.950328e-09,2.2458,1.1089
CG [Eigen],aniso_nnz2M_s1e+03.mtx,591361,2953729,3.065186e-03,4.404420e+00,4.407485e+00,500,4.843611e-07,0.0000,1.4922
RCHOL+MKL [Chen20],aniso_nnz2M_s1e+03.mtx,591361,2953729,4.036192e-01,7.570595e-01,1.160679e+00,38,2.235447e-05,3.6629,0.3930
CHOLMOD [SuiteSparse],aniso_nnz2M_s1e+03.mtx,591361,2953729,8.638289e-01,2.277063e-01,1.091535e+00,1,1.087209e-16,0.0000,0.3695
AMG+CG [AMGCL],aniso_nnz2M_s1e+03.mtx,591361,2953729,7.961548e-01,3.208676e+00,4.004831e+00,12,3.008095e-04,0.0000,1.3559
ApxChol+PCG [Kyng16],aniso_nnz2M_s1e-03.mtx,332367,2136547,1.724285e+00,7.538129e-01,2.478098e+00,45,8.593937e-09,2.4841,1.1599
CG [Eigen],aniso_nnz2M_s1e-03.mtx,332367,2136547,1.782292e-03,4.135164e+00,4.136946e+00,500,6.723567e-07,0.0000,1.9363
RCHOL+MKL [Chen20],aniso_nnz2M_s1e-03.mtx,332367,2136547,3.063457e-01,4.806284e-01,7.869740e-01,39,1.682637e-05,3.7816,0.3683
CHOLMOD [SuiteSparse],aniso_nnz2M_s1e-03.mtx,332367,2136547,5.851119e-01,1.302463e-01,7.153583e-01,1,1.226727e-16,0.0000,0.3348
AMG+CG [AMGCL],aniso_nnz2M_s1e-03.mtx,332367,2136547,5.673469e-01,2.337741e+00,2.905088e+00,12,1.863591e-04,0.0000,1.3597
ApxChol+PCG [Kyng16],checkered_nnz100K_b16_w1e+07.mtx,15625,105625,5.117715e-02,2.804567e-01,3.316338e-01,33,7.689365e-09,2.6615,3.1397
CG [Eigen],checkered_nnz100K_b16_w1e+07.mtx,15625,105625,4.452400e-05,2.927685e+00,2.927730e+00,361,9.896363e-09,0.0000,27.7182
LDLT [Eigen],checkered_nnz100K_b16_w1e+07.mtx,15625,105625,3.040589e-01,1.223735e-02,3.162962e-01,1,1.356012e-16,0.0000,2.9945
RCHOL+MKL [Chen20],checkered_nnz100K_b16_w1e+07.mtx,15625,105625,1.640518e-02,1.651596e-02,3.292115e-02,29,9.985670e-09,3.2468,0.3117
CHOLMOD [SuiteSparse],checkered_nnz100K_b16_w1e+07.mtx,15625,105625,1.123341e-01,6.311239e-03,1.186453e-01,1,1.270830e-16,0.0000,1.1233
AMG+CG [AMGCL],checkered_nnz100K_b16_w1e+07.mtx,15625,105625,5.266022e-01,2.840967e+00,3.367569e+00,15,8.276014e-03,0.0000,31.8823
ApxChol+PCG [Kyng16],checkered_nnz100K_b2_w1e+07.mtx,15625,105625,5.941098e-02,3.198670e-01,3.792780e-01,38,9.025529e-09,2.6807,3.5908
CG [Eigen],checkered_nnz100K_b2_w1e+07.mtx,15625,105625,4.159800e-05,9.639163e-01,9.639579e-01,124,9.367432e-09,0.0000,9.1262
LDLT [Eigen],checkered_nnz100K_b2_w1e+07.mtx,15625,105625,3.108780e-01,1.354397e-02,3.244219e-01,1,1.333838e-16,0.0000,3.0715
RCHOL+MKL [Chen20],checkered_nnz100K_b2_w1e+07.mtx,15625,105625,2.857414e-02,2.792624e-02,5.650039e-02,35,8.048107e-09,5.7702,0.5349
CHOLMOD [SuiteSparse],checkered_nnz100K_b2_w1e+07.mtx,15625,105625,1.100557e-01,6.114382e-03,1.161701e-01,1,1.328403e-16,0.0000,1.0998
AMG+CG [AMGCL],checkered_nnz100K_b2_w1e+07.mtx,15625,105625,4.244542e-01,1.517578e+00,1.942033e+00,12,3.912864e-09,0.0000,18.3861
ApxChol+PCG [Kyng16],checkered_nnz100K_b4_w1e+07.mtx,15625,105625,5.671141e-02,3.676528e-01,4.243642e-01,43,6.897583e-09,2.5608,4.0176
CG [Eigen],checkered_nnz100K_b4_w1e+07.mtx,15625,105625,7.451000e-05,1.634908e+00,1.634982e+00,206,9.889050e-09,0.0000,15.4791
LDLT [Eigen],checkered_nnz100K_b4_w1e+07.mtx,15625,105625,3.073042e-01,1.495465e-02,3.222588e-01,1,1.333125e-16,0.0000,3.0510
RCHOL+MKL [Chen20],checkered_nnz100K_b4_w1e+07.mtx,15625,105625,2.282662e-02,3.375579e-02,5.658241e-02,59,7.952119e-09,4.9655,0.5357
CHOLMOD [SuiteSparse],checkered_nnz100K_b4_w1e+07.mtx,15625,105625,1.119462e-01,6.035495e-03,1.179817e-01,1,1.273235e-16,0.0000,1.1170
AMG+CG [AMGCL],checkered_nnz100K_b4_w1e+07.mtx,15625,105625,5.193407e-01,3.326839e+00,3.846179e+00,17,6.678268e-03,0.0000,36.4135
ApxChol+PCG [Kyng16],checkered_nnz100K_b8_w1e+07.mtx,15625,105625,5.301337e-02,4.358502e-01,4.888635e-01,51,7.097999e-09,2.4732,4.6283
CG [Eigen],checkered_nnz100K_b8_w1e+07.mtx,15625,105625,7.070300e-05,1.700044e+00,1.700114e+00,205,9.833052e-09,0.0000,16.0958
LDLT [Eigen],checkered_nnz100K_b8_w1e+07.mtx,15625,105625,3.709371e-01,1.741448e-02,3.883516e-01,1,1.261374e-16,0.0000,3.6767
RCHOL+MKL [Chen20],checkered_nnz100K_b8_w1e+07.mtx,15625,105625,1.989893e-02,4.656516e-02,6.646409e-02,61,9.571924e-09,4.3157,0.6292
CHOLMOD [SuiteSparse],checkered_nnz100K_b8_w1e+07.mtx,15625,105625,1.102434e-01,7.610853e-03,1.178542e-01,1,1.320376e-16,0.0000,1.1158
AMG+CG [AMGCL],checkered_nnz100K_b8_w1e+07.mtx,15625,105625,5.276322e-01,3.979001e+00,4.506633e+00,20,7.102420e-03,0.0000,42.6663
ApxChol+PCG [Kyng16],checkered_nnz2M_b16_w1e+07.mtx,287496,1986336,2.008117e+00,1.191349e+00,3.199466e+00,79,9.936794e-09,2.5909,1.6107
CG [Eigen],checkered_nnz2M_b16_w1e+07.mtx,287496,1986336,9.481300e-04,3.560124e+00,3.561073e+00,429,9.532586e-09,0.0000,1.7928
RCHOL+MKL [Chen20],checkered_nnz2M_b16_w1e+07.mtx,287496,1986336,5.887355e-01,1.414217e+00,2.002953e+00,87,8.267709e-09,5.8840,1.0084
CHOLMOD [SuiteSparse],checkered_nnz2M_b16_w1e+07.mtx,287496,1986336,1.137285e+01,3.730587e-01,1.174591e+01,1,1.376145e-16,0.0000,5.9134
AMG+CG [AMGCL],checkered_nnz2M_b16_w1e+07.mtx,287496,1986336,8.202205e-01,7.828792e+00,8.649013e+00,31,1.509692e-03,0.0000,4.3543
ApxChol+PCG [Kyng16],checkered_nnz2M_b2_w1e+07.mtx,287496,1986336,2.302482e+00,1.045497e+00,3.347979e+00,66,9.992750e-09,2.8402,1.6855
CG [Eigen],checkered_nnz2M_b2_w1e+07.mtx,287496,1986336,2.503612e-03,2.262540e+00,2.265044e+00,273,9.825816e-09,0.0000,1.1403
RCHOL+MKL [Chen20],checkered_nnz2M_b2_w1e+07.mtx,287496,1986336,7.374796e-01,7.862147e-01,1.523694e+00,37,9.940597e-09,9.0040,0.7671
CHOLMOD [SuiteSparse],checkered_nnz2M_b2_w1e+07.mtx,287496,1986336,1.072483e+01,3.543020e-01,1.107913e+01,1,1.293855e-16,0.0000,5.5777
AMG+CG [AMGCL],checkered_nnz2M_b2_w1e+07.mtx,287496,1986336,9.570506e-01,3.246401e+00,4.203451e+00,16,4.167322e-09,0.0000,2.1162
ApxChol+PCG [Kyng16],checkered_nnz2M_b32_w1e+07.mtx,287496,1986336,1.851730e+00,1.312248e+00,3.163978e+00,90,8.703882e-09,2.5962,1.5929
CG [Eigen],checkered_nnz2M_b32_w1e+07.mtx,287496,1986336,1.606849e-03,3.845889e+00,3.847496e+00,465,9.962163e-09,0.0000,1.9370
RCHOL+MKL [Chen20],checkered_nnz2M_b32_w1e+07.mtx,287496,1986336,3.993139e-01,1.051280e+00,1.450594e+00,72,8.120684e-09,4.9228,0.7303
CHOLMOD [SuiteSparse],checkered_nnz2M_b32_w1e+07.mtx,287496,1986336,1.077827e+01,3.755803e-01,1.115385e+01,1,1.380496e-16,0.0000,5.6153
AMG+CG [AMGCL],checkered_nnz2M_b32_w1e+07.mtx,287496,1986336,7.027681e-01,9.062738e+00,9.765506e+00,36,1.624516e-03,0.0000,4.9163
ApxChol+PCG [Kyng16],checkered_nnz2M_b4_w1e+07.mtx,287496,1986336,2.122680e+00,9.362721e-01,3.058953e+00,60,9.793062e-09,2.7940,1.5400
CG [Eigen],checkered_nnz2M_b4_w1e+07.mtx,287496,1986336,9.579500e-04,3.400768e+00,3.401726e+00,416,9.725978e-09,0.0000,1.7126
RCHOL+MKL [Chen20],checkered_nnz2M_b4_w1e+07.mtx,287496,1986336,7.406365e-01,9.634014e-01,1.704038e+00,44,8.553080e-09,7.9386,0.8579
CHOLMOD [SuiteSparse],checkered_nnz2M_b4_w1e+07.mtx,287496,1986336,1.061654e+01,3.670132e-01,1.098355e+01,1,1.352730e-16,0.0000,5.5296
AMG+CG [AMGCL],checkered_nnz2M_b4_w1e+07.mtx,287496,1986336,7.685967e-01,5.509435e+00,6.278031e+00,22,5.250651e-09,0.0000,3.1606
ApxChol+PCG [Kyng16],checkered_nnz2M_b8_w1e+07.mtx,287496,1986336,1.925643e+00,1.057201e+00,2.982844e+00,69,7.784043e-09,2.6973,1.5017
CG [Eigen],checkered_nnz2M_b8_w1e+07.mtx,287496,1986336,9.029580e-04,3.419295e+00,3.420198e+00,437,9.426203e-09,0.0000,1.7219
RCHOL+MKL [Chen20],checkered_nnz2M_b8_w1e+07.mtx,287496,1986336,6.095998e-01,1.272464e+00,1.882063e+00,70,8.257235e-09,6.8853,0.9475
CHOLMOD [SuiteSparse],checkered_nnz2M_b8_w1e+07.mtx,287496,1986336,1.068260e+01,3.660221e-01,1.104862e+01,1,1.358425e-16,0.0000,5.5623
AMG+CG [AMGCL],checkered_nnz2M_b8_w1e+07.mtx,287496,1986336,8.244751e-01,7.135368e+00,7.959843e+00,27,1.451690e-03,0.0000,4.0073
ApxChol+PCG [Kyng16],chimera_100000_i1.mtx,100000,1081316,2.164440e+00,5.254850e-01,2.689925e+00,46,8.879479e-09,3.5004,2.4876
CG [Eigen],chimera_100000_i1.mtx,100000,1081316,9.642330e-04,2.822219e+00,2.823184e+00,353,9.800135e-09,0.0000,2.6109
RCHOL+MKL [Chen20],chimera_100000_i1.mtx,100000,1081316,2.643468e-01,2.660697e-01,5.304165e-01,37,8.539347e-04,3.2797,0.4905
CHOLMOD [SuiteSparse],chimera_100000_i1.mtx,100000,1081316,4.406135e+01,5.119866e-01,4.457333e+01,1,1.412594e-16,0.0000,41.2214
AMG+CG [AMGCL],chimera_100000_i1.mtx,100000,1081316,5.119621e+00,7.780909e+00,1.290053e+01,39,8.342706e-05,0.0000,11.9304
ApxChol+PCG [Kyng16],chimera_100000_i2.mtx,100000,797792,4.150164e-01,4.857751e-01,9.007915e-01,56,8.972090e-09,1.7727,1.1291
CG [Eigen],chimera_100000_i2.mtx,100000,797792,1.059614e-03,4.024663e+00,4.025723e+00,500,1.031717e-06,0.0000,5.0461
RCHOL+MKL [Chen20],chimera_100000_i2.mtx,100000,797792,8.362251e-02,2.552953e-01,3.389178e-01,67,2.437445e-05,1.8836,0.4248
CHOLMOD [SuiteSparse],chimera_100000_i2.mtx,100000,797792,6.046524e-02,7.435501e-03,6.790074e-02,1,1.457488e-16,0.0000,0.0851
AMG+CG [AMGCL],chimera_100000_i2.mtx,100000,797792,8.034495e-01,5.757316e+00,6.560765e+00,30,3.447520e-03,0.0000,8.2237
ApxChol+PCG [Kyng16],chimera_100000_i3.mtx,100000,1372310,3.131481e+00,9.310721e-01,4.062553e+00,67,8.575518e-09,3.5817,2.9604
CG [Eigen],chimera_100000_i3.mtx,100000,1372310,9.401190e-04,7.382525e-01,7.391926e-01,94,8.084693e-09,0.0000,0.5386
RCHOL+MKL [Chen20],chimera_100000_i3.mtx,100000,1372310,3.036796e-01,1.688411e-01,4.725207e-01,21,7.360264e-06,4.2433,0.3443
CHOLMOD [SuiteSparse],chimera_100000_i3.mtx,100000,1372310,1.719586e+01,3.487669e-01,1.754463e+01,1,1.706431e-16,0.0000,12.7847
AMG+CG [AMGCL],chimera_100000_i3.mtx,100000,1372310,1.034712e+00,7.424499e+00,8.459211e+00,40,3.309103e-03,0.0000,6.1642
ApxChol+PCG [Kyng16],chimera_100000_i4.mtx,100000,1583260,1.852443e+00,4.878595e-01,2.340302e+00,42,9.197181e-09,2.4815,1.4782
CG [Eigen],chimera_100000_i4.mtx,100000,1583260,4.067996e-03,2.872568e+00,2.876636e+00,371,9.409741e-09,0.0000,1.8169
RCHOL+MKL [Chen20],chimera_100000_i4.mtx,100000,1583260,2.276689e-01,2.036360e-01,4.313049e-01,30,6.298207e-06,2.7464,0.2724
CHOLMOD [SuiteSparse],chimera_100000_i4.mtx,100000,1583260,3.325555e-01,8.124016e-02,4.137957e-01,1,2.019743e-16,0.0000,0.2614
AMG+CG [AMGCL],chimera_100000_i4.mtx,100000,1583260,5.700956e-01,4.191690e+01,4.248700e+01,227,3.264851e-03,0.0000,26.8351
ApxChol+PCG [Kyng16],chimera_10000_i1.mtx,10000,77026,6.581467e-02,3.371177e-01,4.029324e-01,42,6.527663e-09,3.0899,5.2311
CG [Eigen],chimera_10000_i1.mtx,10000,77026,9.927700e-05,2.744282e+00,2.744381e+00,352,9.447979e-09,0.0000,35.6293
LDLT [Eigen],chimera_10000_i1.mtx,10000,77026,2.573920e-01,9.481499e-03,2.668735e-01,1,1.226629e-16,0.0000,3.4647
RCHOL+MKL [Chen20],chimera_10000_i1.mtx,10000,77026,1.253565e-02,1.456901e-02,2.710466e-02,31,5.118192e-05,3.3765,0.3519
CHOLMOD [SuiteSparse],chimera_10000_i1.mtx,10000,77026,7.787862e-02,4.071474e-03,8.195009e-02,1,1.331747e-16,0.0000,1.0639
AMG+CG [AMGCL],chimera_10000_i1.mtx,10000,77026,4.718312e-01,2.757976e+00,3.229807e+00,22,7.105069e-03,0.0000,41.9314
ApxChol+PCG [Kyng16],chimera_10000_i2.mtx,10000,56094,2.986895e-02,2.487313e-01,2.786002e-01,32,8.153426e-09,2.4610,4.9667
CG [Eigen],chimera_10000_i2.mtx,10000,56094,8.384800e-05,3.837838e+00,3.837922e+00,500,9.272325e-07,0.0000,68.4195
LDLT [Eigen],chimera_10000_i2.mtx,10000,56094,1.422478e-02,2.067492e-03,1.629227e-02,1,1.055035e-16,0.0000,0.2904
RCHOL+MKL [Chen20],chimera_10000_i2.mtx,10000,56094,3.761821e-03,6.819678e-03,1.058150e-02,37,7.416515e-05,1.5510,0.1886
CHOLMOD [SuiteSparse],chimera_10000_i2.mtx,10000,56094,1.764357e-02,2.212425e-03,1.985600e-02,1,1.120214e-16,0.0000,0.3540
AMG+CG [AMGCL],chimera_10000_i2.mtx,10000,56094,2.969289e-01,1.971991e+00,2.268920e+00,16,9.304796e-07,0.0000,40.4485
ApxChol+PCG [Kyng16],chimera_10000_i3.mtx,10000,49742,4.918640e-02,2.937073e-01,3.428938e-01,35,7.119484e-09,3.3451,6.8934
CG [Eigen],chimera_10000_i3.mtx,10000,49742,7.932900e-05,6.886150e-01,6.886943e-01,86,8.508450e-09,0.0000,13.8453
LDLT [Eigen],chimera_10000_i3.mtx,10000,49742,4.609357e-01,8.874747e-03,4.698105e-01,1,1.337171e-16,0.0000,9.4449
RCHOL+MKL [Chen20],chimera_10000_i3.mtx,10000,49742,8.466027e-03,1.251572e-02,2.098175e-02,38,6.678127e-05,4.1460,0.4218
CHOLMOD [SuiteSparse],chimera_10000_i3.mtx,10000,49742,1.164688e-01,4.433947e-03,1.209028e-01,1,1.412913e-16,0.0000,2.4306
AMG+CG [AMGCL],chimera_10000_i3.mtx,10000,49742,1.156761e+00,2.048989e+00,3.205749e+00,16,5.356147e-03,0.0000,64.4475
ApxChol+PCG [Kyng16],chimera_10000_i4.mtx,10000,123300,1.653408e-01,3.227469e-01,4.880877e-01,40,6.301951e-09,3.6982,3.9585
CG [Eigen],chimera_10000_i4.mtx,10000,123300,1.021130e-04,8.391679e-01,8.392701e-01,103,8.678210e-09,0.0000,6.8067
LDLT [Eigen],chimera_10000_i4.mtx,10000,123300,2.769702e+00,4.233895e-02,2.812041e+00,1,1.685126e-16,0.0000,22.8065
RCHOL+MKL [Chen20],chimera_10000_i4.mtx,10000,123300,2.577609e-02,9.176245e-03,3.495234e-02,20,2.325923e-05,4.2513,0.2835
CHOLMOD [SuiteSparse],chimera_10000_i4.mtx,10000,123300,2.444123e-01,1.362011e-02,2.580324e-01,1,1.623871e-16,0.0000,2.0927
AMG+CG [AMGCL],chimera_10000_i4.mtx,10000,123300,4.325799e-01,1.901982e+00,2.334562e+00,14,3.564659e-03,0.0000,18.9340
ApxChol+PCG [Kyng16],chimera_1000_i1.mtx,1000,10272,4.266071e-03,5.924350e-04,4.858506e-03,24,4.257111e-09,2.0212,0.4730
CG [Eigen],chimera_1000_i1.mtx,1000,10272,4.108000e-06,4.182770e-04,4.223850e-04,89,9.719182e-09,0.0000,0.0411
LDLT [Eigen],chimera_1000_i1.mtx,1000,10272,1.068892e-03,1.588490e-04,1.227741e-03,1,1.660671e-16,0.0000,0.1195
RCHOL+MKL [Chen20],chimera_1000_i1.mtx,1000,10272,8.897050e-04,4.708570e-04,1.360562e-03,24,9.658393e-06,2.1783,0.1325
CHOLMOD [SuiteSparse],chimera_1000_i1.mtx,1000,10272,1.558545e-03,1.853890e-04,1.743934e-03,1,1.887414e-16,0.0000,0.1698
AMG+CG [AMGCL],chimera_1000_i1.mtx,1000,10272,9.906578e-02,8.509928e-02,1.841651e-01,1,5.248354e-02,0.0000,17.9288
ApxChol+PCG [Kyng16],chimera_1000_i2.mtx,1000,9000,6.449402e-03,7.601010e-04,7.209503e-03,26,6.501051e-09,3.0011,0.8011
CG [Eigen],chimera_1000_i2.mtx,1000,9000,4.629000e-06,1.284920e-04,1.331210e-04,29,7.117419e-09,0.0000,0.0148
LDLT [Eigen],chimera_1000_i2.mtx,1000,9000,8.941032e-03,6.005100e-04,9.541542e-03,1,1.527143e-16,0.0000,1.0602
RCHOL+MKL [Chen20],chimera_1000_i2.mtx,1000,9000,1.104689e-03,3.974080e-04,1.502097e-03,19,1.180796e-05,3.2576,0.1669
CHOLMOD [SuiteSparse],chimera_1000_i2.mtx,1000,9000,4.332526e-03,3.073490e-04,4.639875e-03,1,1.516150e-16,0.0000,0.5155
AMG+CG [AMGCL],chimera_1000_i2.mtx,1000,9000,1.266202e-01,8.698007e-02,2.136003e-01,1,4.888341e-02,0.0000,23.7334
ApxChol+PCG [Kyng16],chimera_30000_i1.mtx,30000,279178,1.194186e-01,2.633108e-01,3.827294e-01,31,9.800946e-09,1.9300,1.3709
CG [Eigen],chimera_30000_i1.mtx,30000,279178,2.651290e-04,2.933974e+00,2.934240e+00,372,9.641486e-09,0.0000,10.5103
RCHOL+MKL [Chen20],chimera_30000_i1.mtx,30000,279178,2.638678e-02,3.523944e-02,6.162622e-02,31,1.128929e-05,2.0559,0.2207
CHOLMOD [SuiteSparse],chimera_30000_i1.mtx,30000,279178,5.403839e-02,7.392136e-03,6.143053e-02,1,1.571184e-16,0.0000,0.2200
AMG+CG [AMGCL],chimera_30000_i1.mtx,30000,279178,3.261188e-01,1.859947e+00,2.186066e+00,15,6.282441e-03,0.0000,7.8304
ApxChol+PCG [Kyng16],chimera_30000_i2.mtx,30000,118140,7.178254e-02,3.388034e-01,4.105859e-01,41,6.703617e-09,2.8130,3.4754
CG [Eigen],chimera_30000_i2.mtx,30000,118140,2.090330e-04,3.928632e+00,3.928841e+00,500,8.515125e-07,0.0000,33.2558
RCHOL+MKL [Chen20],chimera_30000_i2.mtx,30000,118140,1.167658e-02,2.207597e-02,3.375255e-02,33,2.892842e-04,1.8441,0.2857
CHOLMOD [SuiteSparse],chimera_30000_i2.mtx,30000,118140,6.012858e-02,8.708915e-03,6.883749e-02,1,1.718552e-16,0.0000,0.5827
AMG+CG [AMGCL],chimera_30000_i2.mtx,30000,118140,6.510111e-01,3.337306e+00,3.988317e+00,18,7.632826e-06,0.0000,33.7592
ApxChol+PCG [Kyng16],chimera_3000_i1.mtx,3000,25022,1.542308e-02,2.402463e-01,2.556693e-01,28,8.632723e-09,2.6805,10.2178
CG [Eigen],chimera_3000_i1.mtx,3000,25022,3.010600e-05,1.060058e+00,1.060088e+00,131,8.797446e-09,0.0000,42.3662
LDLT [Eigen],chimera_3000_i1.mtx,3000,25022,4.263096e-03,6.419680e-04,4.905064e-03,1,1.258795e-16,0.0000,0.1960
RCHOL+MKL [Chen20],chimera_3000_i1.mtx,3000,25022,1.637834e-03,1.237900e-03,2.875734e-03,24,7.273888e-05,1.7441,0.1149
CHOLMOD [SuiteSparse],chimera_3000_i1.mtx,3000,25022,6.202307e-03,6.853200e-04,6.887627e-03,1,1.342851e-16,0.0000,0.2753
AMG+CG [AMGCL],chimera_3000_i1.mtx,3000,25022,2.777894e-01,8.231369e-02,3.601031e-01,1,4.177317e-06,0.0000,14.3915
ApxChol+PCG [Kyng16],chimera_3000_i2.mtx,3000,9698,2.498554e-03,9.221260e-04,3.420680e-03,22,8.033102e-09,2.0703,0.3527
CG [Eigen],chimera_3000_i2.mtx,3000,9698,1.303500e-05,3.808490e-03,3.821525e-03,500,2.708250e-06,0.0000,0.3941
LDLT [Eigen],chimera_3000_i2.mtx,3000,9698,6.015430e-04,1.734960e-04,7.750390e-04,1,1.212245e-16,0.0000,0.0799
RCHOL+MKL [Chen20],chimera_3000_i2.mtx,3000,9698,1.192665e-03,1.659184e-03,2.851849e-03,29,1.772324e-04,1.9889,0.2941
CHOLMOD [SuiteSparse],chimera_3000_i2.mtx,3000,9698,7.681160e-04,1.269790e-04,8.950950e-04,1,1.216150e-16,0.0000,0.0923
AMG+CG [AMGCL],chimera_3000_i2.mtx,3000,9698,1.025462e-01,8.696567e-02,1.895119e-01,1,1.805828e-05,0.0000,19.5413
ApxChol+PCG [Kyng16],star_k100.mtx,5001,500101,4.212043e-01,5.308640e-01,9.520682e-01,66,8.596159e-09,1.0103,1.9038
CG [Eigen],star_k100.mtx,5001,500101,1.222500e-04,5.156230e-02,5.168454e-02,4,5.081765e-16,0.0000,0.1033
LDLT [Eigen],star_k100.mtx,5001,500101,1.033401e-02,2.081569e-03,1.241557e-02,1,5.213056e-16,0.0000,0.0248
RCHOL+MKL [Chen20],star_k100.mtx,5001,500101,4.137015e-02,1.067147e-02,5.204162e-02,17,1.005408e-06,1.0100,0.1041
CHOLMOD [SuiteSparse],star_k100.mtx,5001,500101,6.994348e-03,1.244493e-03,8.238841e-03,1,5.130235e-16,0.0000,0.0165
AMG+CG [AMGCL],star_k100.mtx,5001,500101,1.027235e-01,2.959949e-01,3.987184e-01,3,3.099345e-03,0.0000,0.7973
ApxChol+PCG [Kyng16],star_k150.mtx,11251,1687651,2.339942e+00,8.159680e-01,3.155910e+00,100,8.635710e-09,1.0068,1.8700
CG [Eigen],star_k150.mtx,11251,1687651,1.980530e-04,4.178255e-02,4.198061e-02,4,5.775537e-16,0.0000,0.0249
LDLT [Eigen],star_k150.mtx,11251,1687651,4.868539e-02,6.590779e-03,5.527617e-02,1,5.345015e-16,0.0000,0.0328
RCHOL+MKL [Chen20],star_k150.mtx,11251,1687651,1.228314e-01,3.612600e-02,1.589574e-01,17,6.688705e-07,1.0067,0.0942
CHOLMOD [SuiteSparse],star_k150.mtx,11251,1687651,2.397837e-02,4.494141e-03,2.847252e-02,1,5.523118e-16,0.0000,0.0169
AMG+CG [AMGCL],star_k150.mtx,11251,1687651,9.940393e-02,2.949819e-01,3.943859e-01,3,3.652969e-03,0.0000,0.2337
ApxChol+PCG [Kyng16],star_k200.mtx,20001,4000201,7.679410e+00,1.679975e+00,9.359386e+00,150,9.479475e-09,1.0051,2.3397
CG [Eigen],star_k200.mtx,20001,4000201,4.034025e-03,5.198137e-02,5.601539e-02,4,6.956493e-16,0.0000,0.0140
LDLT [Eigen],star_k200.mtx,20001,4000201,1.286376e-01,1.955358e-02,1.481912e-01,1,6.900674e-16,0.0000,0.0370
RCHOL+MKL [Chen20],star_k200.mtx,20001,4000201,2.795843e-01,8.532460e-02,3.649089e-01,18,5.013172e-07,1.0050,0.0912
CHOLMOD [SuiteSparse],star_k200.mtx,20001,4000201,5.873625e-02,1.552778e-02,7.426402e-02,1,6.571128e-16,0.0000,0.0186
AMG+CG [AMGCL],star_k200.mtx,20001,4000201,1.128432e-01,3.209761e-01,4.338193e-01,3,1.115638e-03,0.0000,0.1084
ApxChol+PCG [Kyng16],star_k300.mtx,45001,13500301,4.137810e+01,6.580482e+00,4.795858e+01,234,8.561939e-09,1.0034,3.5524
CG [Eigen],star_k300.mtx,45001,13500301,3.487446e-03,6.265529e-02,6.614273e-02,4,8.515806e-16,0.0000,0.0049
RCHOL+MKL [Chen20],star_k300.mtx,45001,13500301,1.000769e+00,3.645144e-01,1.365283e+00,19,3.338461e-07,1.0033,0.1011
CHOLMOD [SuiteSparse],star_k300.mtx,45001,13500301,2.042187e-01,5.167103e-02,2.558897e-01,1,8.742514e-16,0.0000,0.0190
AMG+CG [AMGCL],star_k300.mtx,45001,13500301,1.245261e-01,3.334691e-01,4.579953e-01,3,1.758548e-03,0.0000,0.0339
ApxChol+PCG [Kyng16],star_k50.mtx,1251,62551,3.314942e-02,3.235923e-01,3.567418e-01,39,7.888266e-09,1.0214,5.7032
CG [Eigen],star_k50.mtx,1251,62551,2.805300e-05,5.294174e-02,5.296979e-02,4,4.011784e-16,0.0000,0.8468
LDLT [Eigen],star_k50.mtx,1251,62551,8.431670e-04,2.492300e-04,1.092397e-03,1,3.909385e-16,0.0000,0.0175
RCHOL+MKL [Chen20],star_k50.mtx,1251,62551,3.326474e-03,8.203150e-04,4.146789e-03,15,2.012361e-06,1.0200,0.0663
CHOLMOD [SuiteSparse],star_k50.mtx,1251,62551,9.775700e-04,1.468570e-04,1.124427e-03,1,3.543857e-16,0.0000,0.0180
AMG+CG [AMGCL],star_k50.mtx,1251,62551,7.865493e-02,8.699662e-02,1.656515e-01,1,2.671704e-03,0.0000,2.6483
ApxChol+PCG [Kyng16],uniform_grid_nnz100K.mtx,15625,105625,6.865117e-02,3.116177e-01,3.802688e-01,37,8.357892e-09,2.7137,3.6002
CG [Eigen],uniform_grid_nnz100K.mtx,15625,105625,7.047300e-05,1.031579e+00,1.031650e+00,128,8.343659e-09,0.0000,9.7671
LDLT [Eigen],uniform_grid_nnz100K.mtx,15625,105625,3.097143e-01,1.375260e-02,3.234669e-01,1,1.372432e-16,0.0000,3.0624
RCHOL+MKL [Chen20],uniform_grid_nnz100K.mtx,15625,105625,2.374416e-02,9.079076e-03,3.282324e-02,16,1.579844e-05,6.1144,0.3108
CHOLMOD [SuiteSparse],uniform_grid_nnz100K.mtx,15625,105625,1.101560e-01,6.278843e-03,1.164349e-01,1,1.318253e-16,0.0000,1.1023
AMG+CG [AMGCL],uniform_grid_nnz100K.mtx,15625,105625,3.543737e-01,1.509947e+00,1.864321e+00,12,4.416065e-03,0.0000,17.6504
ApxChol+PCG [Kyng16],uniform_grid_nnz10K.mtx,1728,11232,4.531352e-03,9.975380e-04,5.528890e-03,28,5.253994e-09,2.5507,0.4922
CG [Eigen],uniform_grid_nnz10K.mtx,1728,11232,5.010000e-06,3.743140e-04,3.793240e-04,62,8.563289e-09,0.0000,0.0338
LDLT [Eigen],uniform_grid_nnz10K.mtx,1728,11232,3.225815e-03,4.177660e-04,3.643581e-03,1,1.313209e-16,0.0000,0.3244
RCHOL+MKL [Chen20],uniform_grid_nnz10K.mtx,1728,11232,1.973907e-03,9.689140e-04,2.942821e-03,16,1.654934e-05,4.3303,0.2620
CHOLMOD [SuiteSparse],uniform_grid_nnz10K.mtx,1728,11232,3.379864e-03,4.119060e-04,3.791770e-03,1,1.322741e-16,0.0000,0.3376
AMG+CG [AMGCL],uniform_grid_nnz10K.mtx,1728,11232,9.500001e-02,7.799334e-02,1.729934e-01,1,4.593218e-03,0.0000,15.4018
ApxChol+PCG [Kyng16],uniform_grid_nnz1M.mtx,148877,1025285,9.630614e-01,6.030314e-01,1.566093e+00,58,9.419982e-09,2.8281,1.5275
CG [Eigen],uniform_grid_nnz1M.mtx,148877,1025285,6.863920e-04,1.767396e+00,1.768083e+00,226,9.969285e-09,0.0000,1.7245
RCHOL+MKL [Chen20],uniform_grid_nnz1M.mtx,148877,1025285,3.824177e-01,1.627768e-01,5.451945e-01,17,1.564886e-05,8.6403,0.5317
CHOLMOD [SuiteSparse],uniform_grid_nnz1M.mtx,148877,1025285,3.265512e+00,1.650910e-01,3.430603e+00,1,1.361921e-16,0.0000,3.3460
AMG+CG [AMGCL],uniform_grid_nnz1M.mtx,148877,1025285,5.969759e-01,2.077806e+00,2.674782e+00,11,4.325985e-04,0.0000,2.6088
ApxChol+PCG [Kyng16],uniform_grid_nnz2M.mtx,287496,1986336,2.188524e+00,9.400158e-01,3.128540e+00,61,7.988097e-09,2.8587,1.5750
CG [Eigen],uniform_grid_nnz2M.mtx,287496,1986336,1.837831e-03,2.388389e+00,2.390226e+00,290,9.725895e-09,0.0000,1.2033
RCHOL+MKL [Chen20],uniform_grid_nnz2M.mtx,287496,1986336,7.600188e-01,2.800041e-01,1.040023e+00,16,1.562396e-05,9.4754,0.5236
CHOLMOD [SuiteSparse],uniform_grid_nnz2M.mtx,287496,1986336,1.071751e+01,3.659624e-01,1.108347e+01,1,1.362348e-16,0.0000,5.5799
AMG+CG [AMGCL],uniform_grid_nnz2M.mtx,287496,1986336,7.605808e-01,2.377071e+00,3.137651e+00,11,8.996370e-04,0.0000,1.5796
ApxChol+PCG [Kyng16],uniform_grid_nnz300K.mtx,42875,292775,2.048765e-01,3.929094e-01,5.977859e-01,44,8.870575e-09,2.7913,2.0418
CG [Eigen],uniform_grid_nnz300K.mtx,42875,292775,1.293540e-04,1.529811e+00,1.529940e+00,173,9.101779e-09,0.0000,5.2257
RCHOL+MKL [Chen20],uniform_grid_nnz300K.mtx,42875,292775,8.759093e-02,2.954784e-02,1.171388e-01,16,1.580873e-05,7.2134,0.4001
CHOLMOD [SuiteSparse],uniform_grid_nnz300K.mtx,42875,292775,4.595276e-01,3.832006e-02,4.978476e-01,1,1.292719e-16,0.0000,1.7004
AMG+CG [AMGCL],uniform_grid_nnz300K.mtx,42875,292775,5.124325e-01,2.178531e+00,2.690963e+00,11,5.381682e-06,0.0000,9.1912
ApxChol+PCG [Kyng16],uniform_grid_nnz30K.mtx,4913,32657,1.990370e-02,2.728977e-01,2.928014e-01,33,6.595481e-09,2.6488,8.9660
CG [Eigen],uniform_grid_nnz30K.mtx,4913,32657,2.222200e-05,7.069392e-01,7.069615e-01,89,7.906321e-09,0.0000,21.6481
LDLT [Eigen],uniform_grid_nnz30K.mtx,4913,32657,2.848157e-02,2.063646e-03,3.054522e-02,1,1.333955e-16,0.0000,0.9353
RCHOL+MKL [Chen20],uniform_grid_nnz30K.mtx,4913,32657,7.554225e-03,3.104055e-03,1.065828e-02,16,1.583789e-05,5.2088,0.3264
CHOLMOD [SuiteSparse],uniform_grid_nnz30K.mtx,4913,32657,1.215671e-02,1.290109e-03,1.344682e-02,1,1.257169e-16,0.0000,0.4118
AMG+CG [AMGCL],uniform_grid_nnz30K.mtx,4913,32657,3.035031e-01,1.273826e+00,1.577329e+00,10,1.850183e-02,0.0000,48.2999
ApxChol+PCG [Kyng16],wchimera_100000_i1.mtx,100000,1081316,2.294391e+00,6.229966e-01,2.917388e+00,48,8.754509e-09,3.5036,2.6980
CG [Eigen],wchimera_100000_i1.mtx,100000,1081316,1.078812e-03,2.827474e+00,2.828553e+00,353,9.800135e-09,0.0000,2.6158
RCHOL+MKL [Chen20],wchimera_100000_i1.mtx,100000,1081316,1.705588e-01,2.450449e-01,4.156037e-01,39,8.539347e-04,3.2783,0.3843
CHOLMOD [SuiteSparse],wchimera_100000_i1.mtx,100000,1081316,4.512734e+01,5.671554e-01,4.569449e+01,1,1.412594e-16,0.0000,42.2582
AMG+CG [AMGCL],wchimera_100000_i1.mtx,100000,1081316,5.000990e+00,7.575948e+00,1.257694e+01,39,8.342706e-05,0.0000,11.6311
ApxChol+PCG [Kyng16],wchimera_100000_i2.mtx,100000,797792,4.122001e-01,3.393646e-01,7.515648e-01,37,2.373568e-09,1.7590,0.9421
CG [Eigen],wchimera_100000_i2.mtx,100000,797792,9.693420e-04,3.900284e+00,3.901254e+00,500,1.214841e-07,0.0000,4.8901
RCHOL+MKL [Chen20],wchimera_100000_i2.mtx,100000,797792,1.199148e-01,1.440445e-01,2.639594e-01,39,4.038397e-08,1.8828,0.3309
CHOLMOD [SuiteSparse],wchimera_100000_i2.mtx,100000,797792,6.040876e-02,7.508020e-03,6.791678e-02,1,2.318950e-16,0.0000,0.0851
AMG+CG [AMGCL],wchimera_100000_i2.mtx,100000,797792,1.125429e+00,1.616345e+01,1.728888e+01,85,9.324834e-08,0.0000,21.6709
ApxChol+PCG [Kyng16],wchimera_100000_i3.mtx,100000,1372310,3.166636e+00,5.866131e-01,3.753249e+00,41,9.244671e-09,3.4075,2.7350
CG [Eigen],wchimera_100000_i3.mtx,100000,1372310,1.041027e-03,4.064386e+00,4.065427e+00,500,1.488605e-07,0.0000,2.9625
RCHOL+MKL [Chen20],wchimera_100000_i3.mtx,100000,1372310,3.537535e-01,1.697996e-01,5.235532e-01,16,1.230815e-07,4.0796,0.3815
CHOLMOD [SuiteSparse],wchimera_100000_i3.mtx,100000,1372310,1.836589e+01,3.771300e-01,1.874302e+01,1,1.973307e-16,0.0000,13.6580
AMG+CG [AMGCL],wchimera_100000_i3.mtx,100000,1372310,1.705474e+00,6.191050e+00,7.896524e+00,32,1.115847e-05,0.0000,5.7542
ApxChol+PCG [Kyng16],wchimera_100000_i4.mtx,100000,1583260,1.651768e+00,3.288584e-01,1.980626e+00,24,9.069513e-09,2.2668,1.2510
CG [Eigen],wchimera_100000_i4.mtx,100000,1583260,1.473443e-03,4.030566e+00,4.032039e+00,500,1.776103e-06,0.0000,2.5467
RCHOL+MKL [Chen20],wchimera_100000_i4.mtx,100000,1583260,2.105148e-01,1.601304e-01,3.706452e-01,22,1.548443e-07,2.4651,0.2341
CHOLMOD [SuiteSparse],wchimera_100000_i4.mtx,100000,1583260,3.377203e-01,8.569140e-02,4.234117e-01,1,1.771232e-16,0.0000,0.2674
AMG+CG [AMGCL],wchimera_100000_i4.mtx,100000,1583260,1.320500e+00,2.024592e+01,2.156642e+01,106,5.626999e-04,0.0000,13.6215
ApxChol+PCG [Kyng16],wchimera_10000_i1.mtx,10000,77026,6.977827e-02,3.506720e-01,4.204502e-01,43,6.003408e-09,3.0879,5.4585
CG [Eigen],wchimera_10000_i1.mtx,10000,77026,9.109200e-05,2.788816e+00,2.788907e+00,352,9.447979e-09,0.0000,36.2073
LDLT [Eigen],wchimera_10000_i1.mtx,10000,77026,2.489171e-01,9.084621e-03,2.580017e-01,1,1.226629e-16,0.0000,3.3495
RCHOL+MKL [Chen20],wchimera_10000_i1.mtx,10000,77026,1.284447e-02,1.451741e-02,2.736188e-02,32,5.118192e-05,3.3623,0.3552
CHOLMOD [SuiteSparse],wchimera_10000_i1.mtx,10000,77026,8.338127e-02,5.312760e-03,8.869403e-02,1,1.331747e-16,0.0000,1.1515
AMG+CG [AMGCL],wchimera_10000_i1.mtx,10000,77026,4.752114e-01,2.745000e+00,3.220211e+00,22,7.105069e-03,0.0000,41.8068
ApxChol+PCG [Kyng16],wchimera_10000_i2.mtx,10000,56094,2.993406e-02,2.348021e-01,2.647361e-01,28,6.207172e-09,2.4633,4.7195
CG [Eigen],wchimera_10000_i2.mtx,10000,56094,8.419900e-05,3.912344e+00,3.912428e+00,500,9.272325e-07,0.0000,69.7477
LDLT [Eigen],wchimera_10000_i2.mtx,10000,56094,1.461163e-02,2.168924e-03,1.678056e-02,1,1.055035e-16,0.0000,0.2992
RCHOL+MKL [Chen20],wchimera_10000_i2.mtx,10000,56094,3.566723e-03,7.258763e-03,1.082549e-02,38,7.416515e-05,1.5480,0.1930
CHOLMOD [SuiteSparse],wchimera_10000_i2.mtx,10000,56094,1.820634e-02,2.228697e-03,2.043504e-02,1,1.120214e-16,0.0000,0.3643
AMG+CG [AMGCL],wchimera_10000_i2.mtx,10000,56094,3.060317e-01,2.006978e+00,2.313010e+00,16,9.304796e-07,0.0000,41.2345
ApxChol+PCG [Kyng16],wchimera_10000_i3.mtx,10000,49742,5.031231e-02,3.078772e-01,3.581895e-01,38,8.291603e-09,3.3800,7.2009
CG [Eigen],wchimera_10000_i3.mtx,10000,49742,9.436800e-05,6.838040e-01,6.838984e-01,86,8.508450e-09,0.0000,13.7489
LDLT [Eigen],wchimera_10000_i3.mtx,10000,49742,4.541823e-01,8.805822e-03,4.629881e-01,1,1.337171e-16,0.0000,9.3078
RCHOL+MKL [Chen20],wchimera_10000_i3.mtx,10000,49742,1.053026e-02,1.608616e-02,2.661641e-02,38,6.678127e-05,4.1818,0.5351
CHOLMOD [SuiteSparse],wchimera_10000_i3.mtx,10000,49742,1.254695e-01,6.171240e-03,1.316407e-01,1,1.412913e-16,0.0000,2.6465
AMG+CG [AMGCL],wchimera_10000_i3.mtx,10000,49742,1.194970e+00,1.993978e+00,3.188948e+00,16,5.356147e-03,0.0000,64.1098
ApxChol+PCG [Kyng16],wchimera_10000_i4.mtx,10000,123300,1.801395e-01,2.352929e-01,4.154324e-01,29,8.444953e-09,3.6815,3.3693
CG [Eigen],wchimera_10000_i4.mtx,10000,123300,9.755400e-05,2.676684e+00,2.676781e+00,334,9.108625e-09,0.0000,21.7095
LDLT [Eigen],wchimera_10000_i4.mtx,10000,123300,2.926676e+00,4.288915e-02,2.969565e+00,1,1.392765e-16,0.0000,24.0841
RCHOL+MKL [Chen20],wchimera_10000_i4.mtx,10000,123300,2.481505e-02,6.595940e-03,3.141099e-02,14,3.112561e-07,4.2110,0.2548
CHOLMOD [SuiteSparse],wchimera_10000_i4.mtx,10000,123300,2.474927e-01,1.389092e-02,2.613836e-01,1,1.629764e-16,0.0000,2.1199
AMG+CG [AMGCL],wchimera_10000_i4.mtx,10000,123300,1.085546e+00,2.595254e+00,3.680800e+00,20,5.558608e-05,0.0000,29.8524
ApxChol+PCG [Kyng16],wchimera_1000_i1.mtx,1000,10272,4.594982e-03,5.982590e-04,5.193241e-03,23,7.256098e-09,2.0238,0.5056
CG [Eigen],wchimera_1000_i1.mtx,1000,10272,6.332000e-06,4.215160e-04,4.278480e-04,89,9.719182e-09,0.0000,0.0417
LDLT [Eigen],wchimera_1000_i1.mtx,1000,10272,1.090148e-03,1.692690e-04,1.259417e-03,1,1.660671e-16,0.0000,0.1226
RCHOL+MKL [Chen20],wchimera_1000_i1.mtx,1000,10272,9.508050e-04,4.555900e-04,1.406395e-03,23,9.658388e-06,2.1896,0.1369
CHOLMOD [SuiteSparse],wchimera_1000_i1.mtx,1000,10272,1.554914e-03,1.713530e-04,1.726267e-03,1,1.887414e-16,0.0000,0.1681
AMG+CG [AMGCL],wchimera_1000_i1.mtx,1000,10272,9.152283e-02,8.499448e-02,1.765173e-01,1,5.248354e-02,0.0000,17.1843
ApxChol+PCG [Kyng16],wchimera_1000_i2.mtx,1000,9000,6.211244e-03,6.925170e-04,6.903761e-03,25,7.500528e-09,3.0982,0.7671
CG [Eigen],wchimera_1000_i2.mtx,1000,9000,3.596000e-06,1.517660e-04,1.553620e-04,34,7.350855e-09,0.0000,0.0173
LDLT [Eigen],wchimera_1000_i2.mtx,1000,9000,9.525980e-03,5.833410e-04,1.010932e-02,1,1.370837e-16,0.0000,1.1233
RCHOL+MKL [Chen20],wchimera_1000_i2.mtx,1000,9000,1.200276e-03,4.803170e-04,1.680593e-03,20,5.256834e-06,3.4538,0.1867
CHOLMOD [SuiteSparse],wchimera_1000_i2.mtx,1000,9000,4.423569e-03,3.107770e-04,4.734346e-03,1,1.441732e-16,0.0000,0.5260
AMG+CG [AMGCL],wchimera_1000_i2.mtx,1000,9000,1.259383e-01,8.855832e-02,2.144966e-01,1,1.889747e-02,0.0000,23.8330
ApxChol+PCG [Kyng16],wchimera_30000_i1.mtx,30000,279178,1.370025e-01,2.516440e-01,3.886465e-01,30,6.326134e-09,1.9318,1.3921
CG [Eigen],wchimera_30000_i1.mtx,30000,279178,2.760710e-04,2.908730e+00,2.909006e+00,372,9.641486e-09,0.0000,10.4199
RCHOL+MKL [Chen20],wchimera_30000_i1.mtx,30000,279178,3.280845e-02,4.310630e-02,7.591475e-02,31,1.128929e-05,2.0587,0.2719
CHOLMOD [SuiteSparse],wchimera_30000_i1.mtx,30000,279178,5.280865e-02,7.231719e-03,6.004037e-02,1,1.571184e-16,0.0000,0.2151
AMG+CG [AMGCL],wchimera_30000_i1.mtx,30000,279178,3.700615e-01,1.869981e+00,2.240042e+00,15,6.282441e-03,0.0000,8.0237
ApxChol+PCG [Kyng16],wchimera_30000_i2.mtx,30000,118140,7.728817e-02,2.281816e-01,3.054697e-01,26,1.036575e-09,2.8391,2.5857
CG [Eigen],wchimera_30000_i2.mtx,30000,118140,2.205870e-04,3.913908e+00,3.914129e+00,500,6.576514e-08,0.0000,33.1313
RCHOL+MKL [Chen20],wchimera_30000_i2.mtx,30000,118140,3.271379e-02,3.082376e-02,6.353755e-02,28,1.188346e-07,3.2139,0.5378
CHOLMOD [SuiteSparse],wchimera_30000_i2.mtx,30000,118140,5.912731e-02,7.920118e-03,6.704743e-02,1,2.942635e-17,0.0000,0.5675
AMG+CG [AMGCL],wchimera_30000_i2.mtx,30000,118140,5.333146e-01,4.866785e+00,5.400100e+00,26,1.100702e-05,0.0000,45.7093
ApxChol+PCG [Kyng16],wchimera_3000_i1.mtx,3000,25022,2.094413e-02,2.313880e-01,2.523321e-01,28,8.654245e-09,2.6649,10.0844
CG [Eigen],wchimera_3000_i1.mtx,3000,25022,2.475700e-05,1.284453e+00,1.284478e+00,164,9.496989e-09,0.0000,51.3339
LDLT [Eigen],wchimera_3000_i1.mtx,3000,25022,4.202110e-03,6.254300e-04,4.827540e-03,1,1.381302e-16,0.0000,0.1929
RCHOL+MKL [Chen20],wchimera_3000_i1.mtx,3000,25022,3.220928e-03,2.409157e-03,5.630085e-03,24,6.111372e-06,2.9011,0.2250
CHOLMOD [SuiteSparse],wchimera_3000_i1.mtx,3000,25022,5.917788e-03,6.442460e-04,6.562034e-03,1,1.433041e-16,0.0000,0.2623
AMG+CG [AMGCL],wchimera_3000_i1.mtx,3000,25022,2.562861e-01,8.294376e-02,3.392299e-01,1,1.751830e-02,0.0000,13.5573
ApxChol+PCG [Kyng16],wchimera_3000_i2.mtx,3000,9698,2.453310e-03,9.796180e-04,3.432928e-03,24,5.677143e-09,2.0722,0.3540
CG [Eigen],wchimera_3000_i2.mtx,3000,9698,2.271300e-05,3.887757e-03,3.910470e-03,500,1.480930e-08,0.0000,0.4032
LDLT [Eigen],wchimera_3000_i2.mtx,3000,9698,5.739530e-04,1.593400e-04,7.332930e-04,1,1.318305e-16,0.0000,0.0756
RCHOL+MKL [Chen20],wchimera_3000_i2.mtx,3000,9698,9.638790e-04,1.224981e-03,2.188860e-03,39,1.739245e-05,2.1821,0.2257
CHOLMOD [SuiteSparse],wchimera_3000_i2.mtx,3000,9698,7.062630e-04,1.182930e-04,8.245560e-04,1,1.141187e-16,0.0000,0.0850
AMG+CG [AMGCL],wchimera_3000_i2.mtx,3000,9698,9.206283e-02,8.842778e-02,1.804906e-01,1,2.448763e-03,0.0000,18.6111
ApxChol+PCG [Kyng16],wgrid_nnz100K_w1e+00.mtx,15625,105625,5.889474e-02,3.087284e-01,3.676231e-01,37,9.108997e-09,2.7282,3.4805
CG [Eigen],wgrid_nnz100K_w1e+00.mtx,15625,105625,7.139500e-05,1.045421e+00,1.045492e+00,128,8.343659e-09,0.0000,9.8982
LDLT [Eigen],wgrid_nnz100K_w1e+00.mtx,15625,105625,3.066490e-01,1.307252e-02,3.197215e-01,1,1.372432e-16,0.0000,3.0269
RCHOL+MKL [Chen20],wgrid_nnz100K_w1e+00.mtx,15625,105625,2.697912e-02,9.317894e-03,3.629702e-02,16,1.579844e-05,6.1642,0.3436
CHOLMOD [SuiteSparse],wgrid_nnz100K_w1e+00.mtx,15625,105625,1.139515e-01,6.622378e-03,1.205739e-01,1,1.318253e-16,0.0000,1.1415
AMG+CG [AMGCL],wgrid_nnz100K_w1e+00.mtx,15625,105625,3.386202e-01,1.536829e+00,1.875449e+00,12,4.416065e-03,0.0000,17.7557
ApxChol+PCG [Kyng16],wgrid_nnz100K_w1e+01.mtx,15625,105625,5.203751e-02,2.461269e-01,2.981644e-01,28,6.450301e-09,2.5922,2.8229
CG [Eigen],wgrid_nnz100K_w1e+01.mtx,15625,105625,6.560400e-05,1.655873e+00,1.655939e+00,211,9.811880e-09,0.0000,15.6775
LDLT [Eigen],wgrid_nnz100K_w1e+01.mtx,15625,105625,3.074473e-01,1.534831e-02,3.227956e-01,1,1.294162e-16,0.0000,3.0561
RCHOL+MKL [Chen20],wgrid_nnz100K_w1e+01.mtx,15625,105625,3.412291e-02,9.007999e-03,4.313091e-02,14,3.634272e-05,8.7753,0.4083
CHOLMOD [SuiteSparse],wgrid_nnz100K_w1e+01.mtx,15625,105625,1.123481e-01,6.150056e-03,1.184982e-01,1,1.183027e-16,0.0000,1.1219
AMG+CG [AMGCL],wgrid_nnz100K_w1e+01.mtx,15625,105625,5.054767e-01,2.234970e+00,2.740447e+00,12,3.827204e-03,0.0000,25.9451
ApxChol+PCG [Kyng16],wgrid_nnz100K_w1e-01.mtx,15625,105625,5.638991e-02,2.724803e-01,3.288702e-01,33,9.244520e-09,2.6468,3.1136
CG [Eigen],wgrid_nnz100K_w1e-01.mtx,15625,105625,6.990200e-05,1.685839e+00,1.685909e+00,215,9.888234e-09,0.0000,15.9613
LDLT [Eigen],wgrid_nnz100K_w1e-01.mtx,15625,105625,3.131075e-01,1.474200e-02,3.278495e-01,1,1.243958e-16,0.0000,3.1039
RCHOL+MKL [Chen20],wgrid_nnz100K_w1e-01.mtx,15625,105625,2.161311e-02,9.418132e-03,3.103125e-02,18,2.204969e-06,4.7343,0.2938
CHOLMOD [SuiteSparse],wgrid_nnz100K_w1e-01.mtx,15625,105625,1.185818e-01,6.548687e-03,1.251305e-01,1,1.299049e-16,0.0000,1.1847
AMG+CG [AMGCL],wgrid_nnz100K_w1e-01.mtx,15625,105625,3.305839e-01,1.421569e+00,1.752153e+00,11,4.416564e-03,0.0000,16.5884
ApxChol+PCG [Kyng16],wgrid_nnz100K_w1e+02.mtx,15625,105625,4.137833e-02,1.661290e-01,2.075074e-01,20,9.803205e-09,2.3503,1.9646
CG [Eigen],wgrid_nnz100K_w1e+02.mtx,15625,105625,6.907100e-05,3.916754e+00,3.916823e+00,500,6.502493e-08,0.0000,37.0823
LDLT [Eigen],wgrid_nnz100K_w1e+02.mtx,15625,105625,3.079236e-01,1.464821e-02,3.225718e-01,1,1.358504e-16,0.0000,3.0539
RCHOL+MKL [Chen20],wgrid_nnz100K_w1e+02.mtx,15625,105625,4.859367e-02,9.244674e-03,5.783835e-02,12,4.076405e-05,11.6396,0.5476
CHOLMOD [SuiteSparse],wgrid_nnz100K_w1e+02.mtx,15625,105625,1.100581e-01,6.609943e-03,1.166681e-01,1,1.209174e-16,0.0000,1.1045
AMG+CG [AMGCL],wgrid_nnz100K_w1e+02.mtx,15625,105625,5.168437e-01,2.434087e+00,2.950931e+00,13,3.167745e-03,0.0000,27.9378
ApxChol+PCG [Kyng16],wgrid_nnz100K_w1e-02.mtx,15625,105625,5.060104e-02,2.758657e-01,3.264668e-01,33,6.678424e-09,2.5722,3.0908
CG [Eigen],wgrid_nnz100K_w1e-02.mtx,15625,105625,7.110400e-05,3.557821e+00,3.557892e+00,452,9.622013e-09,0.0000,33.6842
LDLT [Eigen],wgrid_nnz100K_w1e-02.mtx,15625,105625,3.066216e-01,1.439174e-02,3.210134e-01,1,1.288799e-16,0.0000,3.0392
RCHOL+MKL [Chen20],wgrid_nnz100K_w1e-02.mtx,15625,105625,1.660123e-02,9.923464e-03,2.652470e-02,19,2.286932e-07,4.4674,0.2511
CHOLMOD [SuiteSparse],wgrid_nnz100K_w1e-02.mtx,15625,105625,1.094514e-01,1.031472e-02,1.197661e-01,1,1.177776e-16,0.0000,1.1339
AMG+CG [AMGCL],wgrid_nnz100K_w1e-02.mtx,15625,105625,3.213302e-01,1.377982e+00,1.699313e+00,11,4.398907e-03,0.0000,16.0882
ApxChol+PCG [Kyng16],wgrid_nnz100K_w1e+03.mtx,15625,105625,3.285411e-02,1.423572e-01,1.752113e-01,17,5.002573e-09,2.2079,1.6588
CG [Eigen],wgrid_nnz100K_w1e+03.mtx,15625,105625,6.967200e-05,3.907850e+00,3.907920e+00,500,5.485059e-07,0.0000,36.9981
LDLT [Eigen],wgrid_nnz100K_w1e+03.mtx,15625,105625,3.060781e-01,1.492449e-02,3.210026e-01,1,1.366677e-16,0.0000,3.0391
RCHOL+MKL [Chen20],wgrid_nnz100K_w1e+03.mtx,15625,105625,5.094387e-02,8.983620e-03,5.992749e-02,8,4.116983e-05,12.0272,0.5674
CHOLMOD [SuiteSparse],wgrid_nnz100K_w1e+03.mtx,15625,105625,1.098547e-01,6.761878e-03,1.166166e-01,1,1.348962e-16,0.0000,1.1041
AMG+CG [AMGCL],wgrid_nnz100K_w1e+03.mtx,15625,105625,5.109398e-01,2.046986e+00,2.557925e+00,11,1.664332e-03,0.0000,24.2170
ApxChol+PCG [Kyng16],wgrid_nnz100K_w1e-03.mtx,15625,105625,4.964934e-02,2.740764e-01,3.237257e-01,31,7.625745e-09,2.5456,3.0649
CG [Eigen],wgrid_nnz100K_w1e-03.mtx,15625,105625,4.266000e-05,3.956297e+00,3.956340e+00,500,7.584314e-07,0.0000,37.4565
LDLT [Eigen],wgrid_nnz100K_w1e-03.mtx,15625,105625,3.365806e-01,1.488724e-02,3.514678e-01,1,1.348008e-16,0.0000,3.3275
RCHOL+MKL [Chen20],wgrid_nnz100K_w1e-03.mtx,15625,105625,1.562694e-02,1.193234e-02,2.755929e-02,24,2.366447e-08,4.1839,0.2609
CHOLMOD [SuiteSparse],wgrid_nnz100K_w1e-03.mtx,15625,105625,1.145194e-01,6.203303e-03,1.207227e-01,1,1.245422e-16,0.0000,1.1429
AMG+CG [AMGCL],wgrid_nnz100K_w1e-03.mtx,15625,105625,3.395788e-01,1.382982e+00,1.722561e+00,11,4.397052e-03,0.0000,16.3083
ApxChol+PCG [Kyng16],wgrid_nnz2M_w1e+00.mtx,287496,1986336,2.317603e+00,9.229911e-01,3.240594e+00,59,8.608786e-09,2.8587,1.6314
CG [Eigen],wgrid_nnz2M_w1e+00.mtx,287496,1986336,1.010967e-03,2.425321e+00,2.426332e+00,290,9.725895e-09,0.0000,1.2215
RCHOL+MKL [Chen20],wgrid_nnz2M_w1e+00.mtx,287496,1986336,8.164296e-01,3.297654e-01,1.146195e+00,16,1.562396e-05,9.4382,0.5770
CHOLMOD [SuiteSparse],wgrid_nnz2M_w1e+00.mtx,287496,1986336,1.092959e+01,3.967175e-01,1.132631e+01,1,1.362348e-16,0.0000,5.7021
AMG+CG [AMGCL],wgrid_nnz2M_w1e+00.mtx,287496,1986336,7.811211e-01,2.159950e+00,2.941071e+00,11,8.996370e-04,0.0000,1.4807
ApxChol+PCG [Kyng16],wgrid_nnz2M_w1e+01.mtx,287496,1986336,2.061295e+00,7.632301e-01,2.824525e+00,47,9.596356e-09,2.7493,1.4220
CG [Eigen],wgrid_nnz2M_w1e+01.mtx,287496,1986336,1.320621e-03,4.155825e+00,4.157146e+00,494,9.841795e-09,0.0000,2.0929
RCHOL+MKL [Chen20],wgrid_nnz2M_w1e+01.mtx,287496,1986336,1.117813e+00,4.286321e-01,1.546445e+00,14,3.611223e-05,13.1077,0.7785
CHOLMOD [SuiteSparse],wgrid_nnz2M_w1e+01.mtx,287496,1986336,1.092964e+01,3.966225e-01,1.132626e+01,1,1.348640e-16,0.0000,5.7021
AMG+CG [AMGCL],wgrid_nnz2M_w1e+01.mtx,287496,1986336,7.415763e-01,3.203533e+00,3.945110e+00,12,1.454914e-03,0.0000,1.9861
ApxChol+PCG [Kyng16],wgrid_nnz2M_w1e-01.mtx,287496,1986336,2.208461e+00,8.964207e-01,3.104882e+00,54,8.653234e-09,2.7748,1.5631
CG [Eigen],wgrid_nnz2M_w1e-01.mtx,287496,1986336,1.646215e-03,3.905494e+00,3.907140e+00,476,9.726346e-09,0.0000,1.9670
RCHOL+MKL [Chen20],wgrid_nnz2M_w1e-01.mtx,287496,1986336,6.226045e-01,3.132295e-01,9.358340e-01,17,2.177384e-06,6.9526,0.4711
CHOLMOD [SuiteSparse],wgrid_nnz2M_w1e-01.mtx,287496,1986336,1.083651e+01,4.000629e-01,1.123657e+01,1,1.333916e-16,0.0000,5.6569
AMG+CG [AMGCL],wgrid_nnz2M_w1e-01.mtx,287496,1986336,7.470099e-01,3.216658e+00,3.963668e+00,12,4.265019e-05,0.0000,1.9955
ApxChol+PCG [Kyng16],wgrid_nnz2M_w1e+02.mtx,287496,1986336,1.696615e+00,4.922628e-01,2.188878e+00,31,9.594693e-09,2.4888,1.1020
CG [Eigen],wgrid_nnz2M_w1e+02.mtx,287496,1986336,1.665471e-03,4.178500e+00,4.180166e+00,500,3.356728e-07,0.0000,2.1045
RCHOL+MKL [Chen20],wgrid_nnz2M_w1e+02.mtx,287496,1986336,1.265481e+00,3.403946e-01,1.605875e+00,11,4.056683e-05,17.4420,0.8085
CHOLMOD [SuiteSparse],wgrid_nnz2M_w1e+02.mtx,287496,1986336,1.082989e+01,3.847611e-01,1.121465e+01,1,1.404504e-16,0.0000,5.6459
AMG+CG [AMGCL],wgrid_nnz2M_w1e+02.mtx,287496,1986336,8.775777e-01,3.425674e+00,4.303251e+00,13,7.240212e-04,0.0000,2.1664
ApxChol+PCG [Kyng16],wgrid_nnz2M_w1e-02.mtx,287496,1986336,2.032888e+00,7.085288e-01,2.741417e+00,47,8.581902e-09,2.7088,1.3801
CG [Eigen],wgrid_nnz2M_w1e-02.mtx,287496,1986336,2.207112e-03,4.122754e+00,4.124961e+00,500,8.368279e-08,0.0000,2.0767
RCHOL+MKL [Chen20],wgrid_nnz2M_w1e-02.mtx,287496,1986336,5.570183e-01,3.088226e-01,8.658409e-01,18,2.259014e-07,6.4536,0.4359
CHOLMOD [SuiteSparse],wgrid_nnz2M_w1e-02.mtx,287496,1986336,1.086048e+01,4.007262e-01,1.126121e+01,1,1.296313e-16,0.0000,5.6693
AMG+CG [AMGCL],wgrid_nnz2M_w1e-02.mtx,287496,1986336,7.961210e-01,3.031704e+00,3.827825e+00,12,1.051066e-04,0.0000,1.9271
ApxChol+PCG [Kyng16],wgrid_nnz2M_w1e+03.mtx,287496,1986336,1.495035e+00,3.347183e-01,1.829753e+00,21,8.404072e-09,2.3233,0.9212
CG [Eigen],wgrid_nnz2M_w1e+03.mtx,287496,1986336,1.613252e-03,4.042224e+00,4.043837e+00,500,7.981153e-07,0.0000,2.0358
RCHOL+MKL [Chen20],wgrid_nnz2M_w1e+03.mtx,287496,1986336,1.521909e+00,2.978247e-01,1.819734e+00,7,4.101370e-05,21.3243,0.9161
CHOLMOD [SuiteSparse],wgrid_nnz2M_w1e+03.mtx,287496,1986336,1.081659e+01,4.076813e-01,1.122427e+01,1,1.304360e-16,0.0000,5.6507
AMG+CG [AMGCL],wgrid_nnz2M_w1e+03.mtx,287496,1986336,9.866609e-01,6.743447e+00,7.730108e+00,21,2.001906e-04,0.0000,3.8916
ApxChol+PCG [Kyng16],wgrid_nnz2M_w1e-03.mtx,287496,1986336,1.927913e+00,6.709159e-01,2.598829e+00,42,9.819865e-09,2.6708,1.3084
CG [Eigen],wgrid_nnz2M_w1e-03.mtx,287496,1986336,1.009954e-03,4.065527e+00,4.066536e+00,500,4.741412e-07,0.0000,2.0473
RCHOL+MKL [Chen20],wgrid_nnz2M_w1e-03.mtx,287496,1986336,5.270454e-01,3.550720e-01,8.821174e-01,23,2.364177e-08,5.9736,0.4441
CHOLMOD [SuiteSparse],wgrid_nnz2M_w1e-03.mtx,287496,1986336,1.090686e+01,3.965390e-01,1.130340e+01,1,1.295275e-16,0.0000,5.6906
AMG+CG [AMGCL],wgrid_nnz2M_w1e-03.mtx,287496,1986336,7.696569e-01,3.053739e+00,3.823396e+00,12,1.211869e-04,0.0000,1.9248
AC2 [Kyng16;Jl],aniso_nnz100K_s1e+00.mtx,15625,105625,7.948852e-02,3.049003e-01,3.843888e-01,0,4.457373e-09,0.0000,3.6392
AC2 [Kyng16;Jl],aniso_nnz100K_s1e+01.mtx,14045,91637,8.431250e-02,3.329867e-01,4.172992e-01,0,5.343142e-09,0.0000,4.5538
AC2 [Kyng16;Jl],aniso_nnz100K_s1e-01.mtx,13915,92103,8.240681e-02,3.350914e-01,4.174982e-01,0,6.602824e-09,0.0000,4.5329
AC2 [Kyng16;Jl],aniso_nnz100K_s1e+02.mtx,15129,75153,6.953783e-02,4.217580e-01,4.912958e-01,0,7.420767e-09,0.0000,6.5373
AC2 [Kyng16;Jl],aniso_nnz100K_s1e-02.mtx,13575,84115,7.428753e-02,3.269831e-01,4.012707e-01,0,9.063353e-09,0.0000,4.7705
AC2 [Kyng16;Jl],aniso_nnz100K_s1e-03.mtx,23697,134265,7.962308e-02,5.589270e-01,6.385501e-01,0,6.304028e-09,0.0000,4.7559
AC2 [Kyng16;Jl],aniso_nnz2M_s1e+00.mtx,287496,1986336,1.510514e+00,7.898038e-01,2.300317e+00,0,6.104056e-09,0.0000,1.1581
AC2 [Kyng16;Jl],aniso_nnz2M_s1e+01.mtx,286286,1955096,1.829402e+00,6.305005e-01,2.459903e+00,0,8.610629e-09,0.0000,1.2582
AC2 [Kyng16;Jl],aniso_nnz2M_s1e-01.mtx,295988,2031802,2.019592e+00,6.082302e-01,2.627822e+00,0,7.614241e-09,0.0000,1.2933
AC2 [Kyng16;Jl],aniso_nnz2M_s1e+02.mtx,299568,1893472,1.573306e+00,6.058539e-01,2.179160e+00,0,5.189771e-09,0.0000,1.1509
AC2 [Kyng16;Jl],aniso_nnz2M_s1e-02.mtx,281848,1892016,1.656322e+00,5.458437e-01,2.202165e+00,0,9.299601e-09,0.0000,1.1639
AC2 [Kyng16;Jl],aniso_nnz2M_s1e+03.mtx,591361,2953729,1.467462e+00,1.012048e+00,2.479510e+00,0,5.207929e-09,0.0000,0.8395
AC2 [Kyng16;Jl],aniso_nnz2M_s1e-03.mtx,332367,2136547,1.493961e+00,8.009517e-01,2.294913e+00,0,7.351915e-09,0.0000,1.0741
AC2 [Kyng16;Jl],checkered_nnz100K_b16_w1e+07.mtx,15625,105625,7.450476e-02,4.712108e-01,5.457155e-01,0,6.014170e-09,0.0000,5.1665
AC2 [Kyng16;Jl],checkered_nnz100K_b2_w1e+07.mtx,15625,105625,8.119693e-02,4.653833e-01,5.465802e-01,0,5.443666e-09,0.0000,5.1747
AC2 [Kyng16;Jl],checkered_nnz100K_b4_w1e+07.mtx,15625,105625,7.802968e-02,5.335788e-01,6.116085e-01,0,9.551508e-09,0.0000,5.7904
AC2 [Kyng16;Jl],checkered_nnz100K_b8_w1e+07.mtx,15625,105625,7.668611e-02,4.844289e-01,5.611150e-01,0,5.428241e-09,0.0000,5.3123
AC2 [Kyng16;Jl],checkered_nnz2M_b16_w1e+07.mtx,287496,1986336,1.792520e+00,1.105848e+00,2.898368e+00,0,7.534116e-09,0.0000,1.4592
AC2 [Kyng16;Jl],checkered_nnz2M_b2_w1e+07.mtx,287496,1986336,1.965171e+00,8.537639e-01,2.818935e+00,0,8.638332e-09,0.0000,1.4192
AC2 [Kyng16;Jl],checkered_nnz2M_b32_w1e+07.mtx,287496,1986336,1.573905e+00,8.245489e-01,2.398454e+00,0,5.607137e-09,0.0000,1.2075
AC2 [Kyng16;Jl],checkered_nnz2M_b4_w1e+07.mtx,287496,1986336,1.940124e+00,8.996211e-01,2.839745e+00,0,6.907711e-09,0.0000,1.4296
AC2 [Kyng16;Jl],checkered_nnz2M_b8_w1e+07.mtx,287496,1986336,1.651215e+00,1.119136e+00,2.770351e+00,0,7.810884e-09,0.0000,1.3947
AC2 [Kyng16;Jl],chimera_100000_i1.mtx,100000,1081316,1.140363e+00,5.988712e-01,1.739235e+00,0,8.493736e-09,0.0000,1.6084
AC2 [Kyng16;Jl],chimera_100000_i2.mtx,100000,797792,4.656057e-01,5.035023e-01,9.691080e-01,0,8.984078e-09,0.0000,1.2147
AC2 [Kyng16;Jl],chimera_100000_i3.mtx,100000,1372310,1.825940e+00,3.806677e-01,2.206608e+00,0,2.859698e-09,0.0000,1.6080
AC2 [Kyng16;Jl],chimera_100000_i4.mtx,100000,1583260,1.351180e+00,3.187122e-01,1.669893e+00,0,9.281013e-09,0.0000,1.0547
AC2 [Kyng16;Jl],chimera_10000_i1.mtx,10000,77026,7.982884e-02,2.740827e-02,1.072371e-01,0,3.454482e-09,0.0000,1.3922
AC2 [Kyng16;Jl],chimera_10000_i2.mtx,10000,56094,1.028812e-02,2.341591e-02,3.370403e-02,0,5.861272e-09,0.0000,0.6008
AC2 [Kyng16;Jl],chimera_10000_i3.mtx,10000,49742,1.406153e-02,2.180327e-02,3.586480e-02,0,4.269134e-09,0.0000,0.7210
AC2 [Kyng16;Jl],chimera_10000_i4.mtx,10000,123300,6.549666e-02,2.893504e-02,9.443170e-02,0,7.330098e-09,0.0000,0.7659
AC2 [Kyng16;Jl],chimera_1000_i1.mtx,1000,10272,1.947321e-03,1.708433e-02,1.903165e-02,0,4.288616e-09,0.0000,1.8528
AC2 [Kyng16;Jl],chimera_1000_i2.mtx,1000,9000,2.527184e-03,1.714054e-02,1.966773e-02,0,3.304203e-09,0.0000,2.1853
AC2 [Kyng16;Jl],chimera_30000_i1.mtx,30000,279178,6.805380e-02,4.666310e-01,5.346848e-01,0,9.191576e-09,0.0000,1.9152
AC2 [Kyng16;Jl],chimera_30000_i2.mtx,30000,118140,7.473598e-02,3.170785e-01,3.918145e-01,0,6.372810e-09,0.0000,3.3165
AC2 [Kyng16;Jl],chimera_3000_i1.mtx,3000,25022,5.959455e-03,1.848987e-02,2.444933e-02,0,7.172248e-09,0.0000,0.9771
AC2 [Kyng16;Jl],chimera_3000_i2.mtx,3000,9698,8.031540e-04,1.749234e-02,1.829549e-02,0,7.396293e-09,0.0000,1.8865
AC2 [Kyng16;Jl],star_k100.mtx,5001,500101,2.834115e-01,4.090401e-02,3.243155e-01,0,6.068828e-09,0.0000,0.6485
AC2 [Kyng16;Jl],star_k150.mtx,11251,1687651,8.178681e-01,6.906751e-01,1.508543e+00,0,5.737719e-09,0.0000,0.8939
AC2 [Kyng16;Jl],star_k200.mtx,20001,4000201,1.445859e+00,6.863735e-01,2.132233e+00,0,7.038438e-09,0.0000,0.5330
AC2 [Kyng16;Jl],star_k300.mtx,45001,13500301,5.315779e+00,1.282097e+00,6.597876e+00,0,7.101386e-09,0.0000,0.4887
AC2 [Kyng16;Jl],star_k50.mtx,1251,62551,1.004983e-02,2.146961e-02,3.151945e-02,0,7.174326e-09,0.0000,0.5039
AC2 [Kyng16;Jl],uniform_grid_nnz100K.mtx,15625,105625,7.777272e-02,3.036496e-01,3.814223e-01,0,5.422326e-09,0.0000,3.6111
AC2 [Kyng16;Jl],uniform_grid_nnz10K.mtx,1728,11232,2.126820e-03,1.779318e-02,1.992000e-02,0,4.412074e-09,0.0000,1.7735
AC2 [Kyng16;Jl],uniform_grid_nnz1M.mtx,148877,1025285,8.906267e-01,4.394724e-01,1.330099e+00,0,5.466726e-09,0.0000,1.2973
AC2 [Kyng16;Jl],uniform_grid_nnz2M.mtx,287496,1986336,1.862026e+00,5.376234e-01,2.399650e+00,0,9.315062e-09,0.0000,1.2081
AC2 [Kyng16;Jl],uniform_grid_nnz300K.mtx,42875,292775,3.226801e-01,3.305933e-01,6.532734e-01,0,8.256059e-09,0.0000,2.2313
AC2 [Kyng16;Jl],uniform_grid_nnz30K.mtx,4913,32657,6.853108e-03,2.036008e-02,2.721319e-02,0,4.301044e-09,0.0000,0.8333
AC2 [Kyng16;Jl],wchimera_100000_i1.mtx,100000,1081316,1.132206e+00,5.548828e-01,1.687089e+00,0,6.635414e-09,0.0000,1.5602
AC2 [Kyng16;Jl],wchimera_100000_i2.mtx,100000,797792,4.513290e-01,3.644028e-01,8.157319e-01,0,7.702374e-09,0.0000,1.0225
AC2 [Kyng16;Jl],wchimera_100000_i3.mtx,100000,1372310,1.641702e+00,2.633677e-01,1.905070e+00,0,8.756836e-09,0.0000,1.3882
AC2 [Kyng16;Jl],wchimera_100000_i4.mtx,100000,1583260,1.135178e+00,2.420878e-01,1.377266e+00,0,1.487071e-09,0.0000,0.8699
AC2 [Kyng16;Jl],wchimera_10000_i1.mtx,10000,77026,7.595366e-02,2.625013e-02,1.022038e-01,0,5.891082e-09,0.0000,1.3269
AC2 [Kyng16;Jl],wchimera_10000_i2.mtx,10000,56094,1.090973e-02,7.024922e-02,8.115895e-02,0,5.032090e-09,0.0000,1.4468
AC2 [Kyng16;Jl],wchimera_10000_i3.mtx,10000,49742,1.508603e-02,2.081515e-02,3.590117e-02,0,2.834557e-09,0.0000,0.7217
AC2 [Kyng16;Jl],wchimera_10000_i4.mtx,10000,123300,1.066491e-01,2.697171e-02,1.336208e-01,0,1.702232e-09,0.0000,1.0837
AC2 [Kyng16;Jl],wchimera_1000_i1.mtx,1000,10272,1.850549e-03,1.670449e-02,1.855504e-02,0,8.373881e-09,0.0000,1.8064
AC2 [Kyng16;Jl],wchimera_1000_i2.mtx,1000,9000,2.627973e-03,1.666765e-02,1.929562e-02,0,6.777883e-09,0.0000,2.1440
AC2 [Kyng16;Jl],wchimera_30000_i1.mtx,30000,279178,7.276694e-02,5.030176e-01,5.757846e-01,0,6.200891e-09,0.0000,2.0624
AC2 [Kyng16;Jl],wchimera_30000_i2.mtx,30000,118140,7.389550e-02,2.439249e-01,3.178204e-01,0,7.518984e-09,0.0000,2.6902
AC2 [Kyng16;Jl],wchimera_3000_i1.mtx,3000,25022,5.872589e-03,1.956645e-02,2.543904e-02,0,4.477062e-09,0.0000,1.0167
AC2 [Kyng16;Jl],wchimera_3000_i2.mtx,3000,9698,7.970120e-04,1.643017e-02,1.722718e-02,0,4.590880e-09,0.0000,1.7764
AC2 [Kyng16;Jl],wgrid_nnz100K_w1e+00.mtx,15625,105625,8.490106e-02,3.172164e-01,4.021175e-01,0,9.456552e-09,0.0000,3.8070
AC2 [Kyng16;Jl],wgrid_nnz100K_w1e+01.mtx,15625,105625,7.394963e-02,2.856190e-01,3.595686e-01,0,3.203411e-09,0.0000,3.4042
AC2 [Kyng16;Jl],wgrid_nnz100K_w1e-01.mtx,15625,105625,7.131367e-02,3.066681e-01,3.779818e-01,0,8.569815e-09,0.0000,3.5785
AC2 [Kyng16;Jl],wgrid_nnz100K_w1e+02.mtx,15625,105625,6.711403e-02,2.258425e-01,2.929565e-01,0,4.000785e-09,0.0000,2.7736
AC2 [Kyng16;Jl],wgrid_nnz100K_w1e-02.mtx,15625,105625,7.338591e-02,3.677285e-01,4.411144e-01,0,9.981171e-09,0.0000,4.1762
AC2 [Kyng16;Jl],wgrid_nnz100K_w1e+03.mtx,15625,105625,6.610435e-02,1.961557e-01,2.622600e-01,0,4.348286e-09,0.0000,2.4829
AC2 [Kyng16;Jl],wgrid_nnz100K_w1e-03.mtx,15625,105625,7.465194e-02,3.810560e-01,4.557080e-01,0,9.719840e-09,0.0000,4.3144
AC2 [Kyng16;Jl],wgrid_nnz2M_w1e+00.mtx,287496,1986336,1.873868e+00,5.377689e-01,2.411637e+00,0,4.727189e-09,0.0000,1.2141
AC2 [Kyng16;Jl],wgrid_nnz2M_w1e+01.mtx,287496,1986336,1.758828e+00,4.160512e-01,2.174879e+00,0,5.407569e-09,0.0000,1.0949
AC2 [Kyng16;Jl],wgrid_nnz2M_w1e-01.mtx,287496,1986336,1.721988e+00,5.702522e-01,2.292241e+00,0,4.558580e-09,0.0000,1.1540
AC2 [Kyng16;Jl],wgrid_nnz2M_w1e+02.mtx,287496,1986336,1.530440e+00,3.689428e-01,1.899383e+00,0,5.652289e-09,0.0000,0.9562
AC2 [Kyng16;Jl],wgrid_nnz2M_w1e-02.mtx,287496,1986336,1.649284e+00,7.113327e-01,2.360616e+00,0,5.290887e-09,0.0000,1.1884
AC2 [Kyng16;Jl],wgrid_nnz2M_w1e+03.mtx,287496,1986336,1.007279e+00,4.603808e-01,1.467660e+00,0,9.476592e-09,0.0000,0.7389
AC2 [Kyng16;Jl],wgrid_nnz2M_w1e-03.mtx,287496,1986336,1.635853e+00,6.293497e-01,2.265203e+00,0,6.907467e-09,0.0000,1.1404
GPU-RCHOL+PCG [Liang25],aniso_nnz100K_s1e+00,15625,105625,1.144220e-01,1.105263e+00,1.219685e+00,57,5.365327e-09,0.0000,11.5473
GPU-RCHOL+PCG [Liang25],aniso_nnz100K_s1e+01,14045,91637,2.522440e-02,5.734909e-01,5.987153e-01,86,4.485319e-09,0.0000,6.5336
GPU-RCHOL+PCG [Liang25],aniso_nnz100K_s1e-01,13915,92103,7.090790e-02,1.462567e+00,1.533475e+00,73,7.809786e-09,0.0000,16.6496
GPU-RCHOL+PCG [Liang25],aniso_nnz100K_s1e+02,15129,75153,6.714060e-02,5.264852e+00,5.331993e+00,276,5.838137e-09,0.0000,70.9485
GPU-RCHOL+PCG [Liang25],aniso_nnz100K_s1e-02,13575,84115,6.996470e-02,4.264667e+00,4.334631e+00,222,1.281485e-08,0.0000,51.5322
GPU-RCHOL+PCG [Liang25],aniso_nnz100K_s1e-03,23697,134265,1.326510e-01,1.071362e+01,1.084628e+01,300,1.070750e-02,0.0000,80.7826
GPU-RCHOL+PCG [Liang25],aniso_nnz2M_s1e+02,299568,1893472,6.320080e-01,5.368899e+01,5.432100e+01,300,2.024815e-05,0.0000,28.6886
GPU-RCHOL+PCG [Liang25],aniso_nnz2M_s1e-02,281848,1892016,1.638570e+00,1.323431e+02,1.339816e+02,300,1.373652e-07,0.0000,70.8142
GPU-RCHOL+PCG [Liang25],aniso_nnz2M_s1e+03,591361,2953729,3.261340e+00,2.836324e+02,2.868937e+02,300,6.145076e-02,0.0000,97.1293
GPU-RCHOL+PCG [Liang25],aniso_nnz2M_s1e-03,332367,2136547,1.826070e+00,1.573986e+02,1.592247e+02,300,6.946943e-02,0.0000,74.5243
GPU-RCHOL+PCG [Liang25],checkered_nnz100K_b16_w1e+07,15625,105625,1.384350e-02,1.476389e+00,1.490233e+00,300,1.402169e-01,0.0000,14.1087
GPU-RCHOL+PCG [Liang25],checkered_nnz100K_b2_w1e+07,15625,105625,1.023070e-01,2.091971e+00,2.194278e+00,119,5.459045e-06,0.0000,20.7742
GPU-RCHOL+PCG [Liang25],checkered_nnz100K_b4_w1e+07,15625,105625,8.877260e-02,4.659474e+00,4.748247e+00,300,3.390530e-04,0.0000,44.9538
GPU-RCHOL+PCG [Liang25],checkered_nnz100K_b8_w1e+07,15625,105625,4.842910e-02,3.389217e+00,3.437646e+00,300,4.326962e-02,0.0000,32.5458
GPU-RCHOL+PCG [Liang25],checkered_nnz2M_b32_w1e+07,287496,1986336,3.609860e-01,2.069294e+01,2.105393e+01,300,7.181559e+00,0.0000,10.5994
GPU-RCHOL+PCG [Liang25],chimera_100000_i1,100000,1081316,3.726790e-01,2.963743e-01,6.690533e-01,47,1.286188e-08,0.0000,0.6187
GPU-RCHOL+PCG [Liang25],chimera_100000_i2,100000,797792,1.286220e-02,8.863456e-02,1.014968e-01,110,5.156260e-08,0.0000,0.1272
GPU-RCHOL+PCG [Liang25],chimera_100000_i3,100000,1372310,3.805810e-01,2.074941e-01,5.880751e-01,21,8.040415e-09,0.0000,0.4285
GPU-RCHOL+PCG [Liang25],chimera_100000_i4,100000,1583260,2.894640e-02,1.050066e-01,1.339530e-01,31,8.223600e-09,0.0000,0.0846
GPU-RCHOL+PCG [Liang25],chimera_10000_i1,10000,77026,1.180570e-02,6.230471e-02,7.411041e-02,34,8.559843e-08,0.0000,0.9621
GPU-RCHOL+PCG [Liang25],chimera_10000_i2,10000,56094,4.954910e-03,6.033344e-02,6.528835e-02,45,2.987527e-06,0.0000,1.1639
GPU-RCHOL+PCG [Liang25],chimera_10000_i3,10000,49742,1.780940e-02,7.444713e-02,9.225654e-02,38,9.622973e-09,0.0000,1.8547
GPU-RCHOL+PCG [Liang25],chimera_10000_i4,10000,123300,3.725170e-02,7.173677e-02,1.089885e-01,21,4.613363e-09,0.0000,0.8839
GPU-RCHOL+PCG [Liang25],chimera_1000_i1,1000,10272,1.505280e-03,3.959859e-02,4.110387e-02,25,5.772269e-09,0.0000,4.0015
GPU-RCHOL+PCG [Liang25],chimera_1000_i2,1000,9000,3.292060e-03,4.082147e-02,4.411353e-02,19,5.328356e-09,0.0000,4.9015
GPU-RCHOL+PCG [Liang25],chimera_30000_i1,30000,279178,5.777250e-03,6.494163e-02,7.071888e-02,33,9.748992e-09,0.0000,0.2533
GPU-RCHOL+PCG [Liang25],chimera_30000_i2,30000,118140,1.388720e-02,9.902656e-02,1.129138e-01,46,3.350200e-08,0.0000,0.9558
GPU-RCHOL+PCG [Liang25],chimera_3000_i1,3000,25022,3.822300e-03,4.715856e-02,5.098086e-02,30,2.562408e-07,0.0000,2.0374
GPU-RCHOL+PCG [Liang25],chimera_3000_i2,3000,9698,9.400320e-04,3.777075e-02,3.871078e-02,29,7.044919e-07,0.0000,3.9916
GPU-RCHOL+PCG [Liang25],star_k100,5001,500101,6.556670e-03,3.730797e-02,4.386464e-02,16,2.076355e-08,0.0000,0.0877
GPU-RCHOL+PCG [Liang25],star_k150,11251,1687651,2.142810e-02,4.083808e-02,6.226618e-02,15,5.516559e-08,0.0000,0.0369
GPU-RCHOL+PCG [Liang25],star_k200,20001,4000201,4.789040e-02,4.671152e-02,9.460192e-02,17,7.519674e-08,0.0000,0.0236
GPU-RCHOL+PCG [Liang25],star_k300,45001,13500301,1.692590e-01,6.685322e-02,2.361122e-01,16,1.151916e-07,0.0000,0.0175
GPU-RCHOL+PCG [Liang25],star_k50,1251,62551,1.426400e-03,3.109421e-02,3.252061e-02,15,2.770679e-08,0.0000,0.5199
GPU-RCHOL+PCG [Liang25],uniform_grid_nnz100K,15625,105625,9.111240e-02,1.085137e+00,1.176249e+00,56,3.508556e-09,0.0000,11.1361
GPU-RCHOL+PCG [Liang25],uniform_grid_nnz10K,1728,11232,7.208580e-03,1.216397e-01,1.288483e-01,38,8.354124e-09,0.0000,11.4715
GPU-RCHOL+PCG [Liang25],uniform_grid_nnz30K,4913,32657,2.159100e-02,3.129968e-01,3.345878e-01,46,6.008027e-09,0.0000,10.2455
GPU-RCHOL+PCG [Liang25],wchimera_100000_i1,100000,1081316,3.474640e-01,2.803005e-01,6.277645e-01,44,2.045767e-08,0.0000,0.5806
GPU-RCHOL+PCG [Liang25],wchimera_100000_i2,100000,797792,1.264240e-02,9.509485e-02,1.077373e-01,137,4.784571e-08,0.0000,0.1350
GPU-RCHOL+PCG [Liang25],wchimera_100000_i3,100000,1372310,3.720380e-01,1.935409e-01,5.655789e-01,20,8.566712e-09,0.0000,0.4121
GPU-RCHOL+PCG [Liang25],wchimera_100000_i4,100000,1583260,2.445920e-02,9.212400e-02,1.165832e-01,31,1.862686e-08,0.0000,0.0736
GPU-RCHOL+PCG [Liang25],wchimera_10000_i1,10000,77026,1.117280e-02,6.909427e-02,8.026707e-02,34,6.542605e-08,0.0000,1.0421
GPU-RCHOL+PCG [Liang25],wchimera_10000_i2,10000,56094,5.491710e-03,6.682749e-02,7.231920e-02,41,4.311389e-06,0.0000,1.2893
GPU-RCHOL+PCG [Liang25],wchimera_10000_i3,10000,49742,2.220600e-02,8.222662e-02,1.044326e-01,40,9.125023e-09,0.0000,2.0995
GPU-RCHOL+PCG [Liang25],wchimera_10000_i4,10000,123300,4.685210e-02,7.074781e-02,1.175999e-01,19,5.144231e-09,0.0000,0.9538
GPU-RCHOL+PCG [Liang25],wchimera_1000_i1,1000,10272,1.348860e-03,4.490202e-02,4.625088e-02,24,1.168355e-08,0.0000,4.5026
GPU-RCHOL+PCG [Liang25],wchimera_1000_i2,1000,9000,2.731780e-03,4.117987e-02,4.391165e-02,18,1.172347e-08,0.0000,4.8791
GPU-RCHOL+PCG [Liang25],wchimera_30000_i1,30000,279178,4.689920e-03,6.140643e-02,6.609635e-02,34,9.546874e-09,0.0000,0.2368
GPU-RCHOL+PCG [Liang25],wchimera_30000_i2,30000,118140,9.351170e-03,1.006806e-01,1.100317e-01,50,1.064436e-08,0.0000,0.9314
GPU-RCHOL+PCG [Liang25],wchimera_3000_i1,3000,25022,1.717250e-03,4.340285e-02,4.512010e-02,26,6.973880e-09,0.0000,1.8032
GPU-RCHOL+PCG [Liang25],wchimera_3000_i2,3000,9698,9.612160e-04,4.392102e-02,4.488224e-02,40,2.606810e-08,0.0000,4.6280
GPU-RCHOL+PCG [Liang25],wgrid_nnz100K_w1e+00,15625,105625,1.147590e-01,1.123627e+00,1.238386e+00,56,6.225869e-09,0.0000,11.7244
GPU-RCHOL+PCG [Liang25],wgrid_nnz100K_w1e-01,15625,105625,3.627620e-02,8.099825e-01,8.462587e-01,70,8.107326e-09,0.0000,8.0119
GPU-RCHOL+PCG [Liang25],wgrid_nnz100K_w1e-02,15625,105625,1.854160e-02,7.959941e-01,8.145357e-01,118,8.473882e-09,0.0000,7.7116
GPU-RCHOL+PCG [Liang25],wgrid_nnz100K_w1e-03,15625,105625,1.106420e-02,1.116672e+00,1.127736e+00,251,1.615746e-08,0.0000,10.6768
GPU-RCHOL+PCG [Liang25],wgrid_nnz2M_w1e-03,287496,1986336,1.744080e-01,1.267913e+01,1.285354e+01,300,2.571373e-06,0.0000,6.4710
