matrix_id,threads,rank,cohort,source_commit,n,operator_nnz,setup_s,solve_s,total_s,iterations,rel_res,max_repeat_rel_res,factor_nnz,factor_fill_ratio_T1,retained_repeats,warmup_repeats,representative_repeat,compiler,compiler_version,openmp_runtime,source_cell_sha256,main_t1_baseline_setup_s,main_t1_baseline_solve_s,main_t1_baseline_kind,main_t1_setup_speedup,main_t1_solve_speedup,main_t1_total_speedup,main_t1_iteration_ratio_T1,per_iteration_s,main_t1_per_iteration_speedup,control_ratio_setup,control_ratio_solve,paired_baseline_kind,paired_baseline_setup_s,paired_baseline_solve_s,paired_setup_speedup,paired_solve_speedup,raw_cell,primary_baseline_kind,primary_baseline_setup_s,primary_baseline_solve_s,primary_baseline_total_s,primary_setup_speedup,primary_solve_speedup,primary_total_speedup,primary_iteration_ratio_T1,primary_per_iteration_speedup
as-Skitter,1,7,main,1a782c8d58fb8376909314e9e7e47c0afa7f0a0b,1696415,23887011,4.248126,2.971288,7.219414,31,8.633563e-09,8.633562949e-09,,,3,1,3,clang,22.1.8,llvm-libomp,00da06505a515ac3bdeac69c6bda2a4e61d377f6dac90fbcbcf4d3cb7fa0c0a7,4.248126,2.971288,main T1,1.0,1.0,1.0,1.0,0.095848,1.0,1.0029363535827327,1.0040080261489295,main T1,4.248126,2.971288,1.0,1.0,shard-7/cells/as-Skitter__apxchol_v1_bg_tree_vec_pool_aos__t1.json,main T1,4.248126,2.971288,7.219414,1.0,1.0,1.0,1.0,1.0
as-Skitter,2,7,main,1a782c8d58fb8376909314e9e7e47c0afa7f0a0b,1696415,23887011,3.323347,1.793542,5.116888,29,6.551103e-09,6.551102622e-09,,,3,1,3,clang,22.1.8,llvm-libomp,c274f8984f5ba6d38a7d17610761dc7b1cc18a26efe9ca853db6b8a52cac8370,4.248126,2.971288,main T1,1.2782673611873814,1.65665928090895,1.4108993591417283,0.9354838709677419,0.061846275862068964,1.5497780369793404,1.0029363535827327,1.0040080261489295,main T1,4.248126,2.971288,1.2782673611873814,1.65665928090895,shard-7/cells/as-Skitter__apxchol_v1_bg_tree_vec_pool_aos__t2.json,main T1,4.248126,2.971288,7.219414,1.2782673611873814,1.65665928090895,1.4108993591417283,0.9354838709677419,1.5497780369793404
as-Skitter,4,7,main,1a782c8d58fb8376909314e9e7e47c0afa7f0a0b,1696415,23887011,2.177636,1.058508,3.236144,28,6.471403e-09,6.471402692e-09,,,3,1,1,clang,22.1.8,llvm-libomp,ad59caa90ec4bb8fd346c6ea218e7635a009f9ec450c9b4ffc5c9527cb286c24,4.248126,2.971288,main T1,1.9507971029134346,2.8070529462224187,2.230869207303507,0.9032258064516129,0.037803857142857146,2.53540266110412,1.0029363535827327,1.0040080261489295,main T1,4.248126,2.971288,1.9507971029134346,2.8070529462224187,shard-7/cells/as-Skitter__apxchol_v1_bg_tree_vec_pool_aos__t4.json,main T1,4.248126,2.971288,7.219414,1.9507971029134346,2.8070529462224187,2.230869207303507,0.9032258064516129,2.53540266110412
as-Skitter,8,7,main,1a782c8d58fb8376909314e9e7e47c0afa7f0a0b,1696415,23887011,1.391369,0.6093147,2.000683,25,5.707377e-09,5.707376731e-09,,,3,1,2,clang,22.1.8,llvm-libomp,c851610f6ca7db078dc23502af90fecda47a99641ea93b6e14cca3ca341bc8ab,4.248126,2.971288,main T1,3.0531986841736445,4.8764423375966475,3.6084747058879394,0.8064516129032258,0.024372588,3.9326147883843934,1.0029363535827327,1.0040080261489295,main T1,4.248126,2.971288,3.0531986841736445,4.8764423375966475,shard-7/cells/as-Skitter__apxchol_v1_bg_tree_vec_pool_aos__t8.json,main T1,4.248126,2.971288,7.219414,3.0531986841736445,4.8764423375966475,3.6084747058879394,0.8064516129032258,3.9326147883843934
as-Skitter,16,7,main,1a782c8d58fb8376909314e9e7e47c0afa7f0a0b,1696415,23887011,0.9440685,0.3934943,1.337563,23,6.985843e-09,6.985843075e-09,,,3,1,3,clang,22.1.8,llvm-libomp,33918b24f70f1af4c648b0df3aaac4f611a37b79f4de4b3e55ec7a0b37ad1abb,4.248126,2.971288,main T1,4.499806952567531,7.551031870093162,5.397438475795159,0.7419354838709677,0.017108447826086958,5.602378484262669,1.0029363535827327,1.0040080261489295,main T1,4.248126,2.971288,4.499806952567531,7.551031870093162,shard-7/cells/as-Skitter__apxchol_v1_bg_tree_vec_pool_aos__t16.json,main T1,4.248126,2.971288,7.219414,4.499806952567531,7.551031870093162,5.397438475795159,0.7419354838709677,5.602378484262669
as-Skitter,36,7,main,1a782c8d58fb8376909314e9e7e47c0afa7f0a0b,1696415,23887011,0.6570291,0.2894888,0.9465179,22,9.644733e-09,9.644732633e-09,,,3,1,3,clang,22.1.8,llvm-libomp,0e4733b35ca2511eab01b0343801e0e827a8305f7507e7477f5d3a0cd64bcb4a,4.248126,2.971288,main T1,6.4656588269834625,10.263913491644582,7.627340169689343,0.7096774193548387,0.013158581818181818,7.284067639231639,1.0029363535827327,1.0040080261489295,main T1,4.248126,2.971288,6.4656588269834625,10.263913491644582,shard-7/cells/as-Skitter__apxchol_v1_bg_tree_vec_pool_aos__t36.json,main T1,4.248126,2.971288,7.219414,6.4656588269834625,10.263913491644582,7.627340169689343,0.7096774193548387,7.284067639231639
as-Skitter,72,7,main,1a782c8d58fb8376909314e9e7e47c0afa7f0a0b,1696415,23887011,0.5143736,0.2466712,0.7610447,21,4.639391e-09,4.639391457e-09,,,3,1,3,clang,22.1.8,llvm-libomp,f68744a227b978c21d4b748e0be4bdc2728c6c39661c43b78804402e0d43b525,4.248126,2.971288,main T1,8.258833657092822,12.045540784655849,9.486189181791818,0.6774193548387096,0.01174624761904762,8.15988246702493,1.0029363535827327,1.0040080261489295,main T1,4.248126,2.971288,8.258833657092822,12.045540784655849,shard-7/cells/as-Skitter__apxchol_v1_bg_tree_vec_pool_aos__t72.json,main T1,4.248126,2.971288,7.219414,8.258833657092822,12.045540784655849,9.486189181791818,0.6774193548387096,8.15988246702493
coPapersDBLP,1,7,main,1a782c8d58fb8376909314e9e7e47c0afa7f0a0b,540486,31031944,5.172737,3.917384,9.090121,48,9.184871e-09,9.184870785e-09,,,3,1,1,clang,22.1.8,llvm-libomp,9b9b144bf933743cd3153f53f5225cef48cb673552b5468f447c95502539437a,5.172737,3.917384,main T1,1.0,1.0,1.0,1.0,0.08161216666666667,1.0,1.0033995542398542,0.999817735509207,main T1,5.172737,3.917384,1.0,1.0,shard-7/cells/coPapersDBLP__apxchol_v1_bg_tree_vec_pool_aos__t1.json,main T1,5.172737,3.917384,9.090121,1.0,1.0,1.0,1.0,1.0
coPapersDBLP,2,7,main,1a782c8d58fb8376909314e9e7e47c0afa7f0a0b,540486,31031944,4.181457,2.364718,6.546175,42,8.022624e-09,8.022623882e-09,,,3,1,1,clang,22.1.8,llvm-libomp,204ed715b8c62a368d2c0de78da9b2393c63de3054da7f380d9a4b24ad2c72b7,5.172737,3.917384,main T1,1.2370656926521066,1.656596685101564,1.3886156419588538,0.875,0.05630280952380952,1.4495220994638685,1.0033995542398542,0.999817735509207,main T1,5.172737,3.917384,1.2370656926521066,1.656596685101564,shard-7/cells/coPapersDBLP__apxchol_v1_bg_tree_vec_pool_aos__t2.json,main T1,5.172737,3.917384,9.090121,1.2370656926521066,1.656596685101564,1.3886156419588538,0.875,1.4495220994638685
coPapersDBLP,4,7,main,1a782c8d58fb8376909314e9e7e47c0afa7f0a0b,540486,31031944,2.453069,1.208735,3.661804,39,7.557357e-09,7.557356659e-09,,,3,1,1,clang,22.1.8,llvm-libomp,6d3e5da6d67092985c43414e5895d0ea13e3493f9f3e70aa26926967514f1f63,5.172737,3.917384,main T1,2.1086797803078507,3.240895647102136,2.4824160441137755,0.8125,0.030993205128205126,2.6332277132704855,1.0033995542398542,0.999817735509207,main T1,5.172737,3.917384,2.1086797803078507,3.240895647102136,shard-7/cells/coPapersDBLP__apxchol_v1_bg_tree_vec_pool_aos__t4.json,main T1,5.172737,3.917384,9.090121,2.1086797803078507,3.240895647102136,2.4824160441137755,0.8125,2.6332277132704855
coPapersDBLP,8,7,main,1a782c8d58fb8376909314e9e7e47c0afa7f0a0b,540486,31031944,1.442417,0.6909745,2.133392,38,8.46322e-09,8.463219934e-09,,,3,1,3,clang,22.1.8,llvm-libomp,d79eb56c0b83cbf75ef3398884585c9223328e5c2fa508ec83f6c599f0a3422e,5.172737,3.917384,main T1,3.5861592036144883,5.669361170347097,4.260877044631272,0.7916666666666666,0.018183539473684212,4.488244259858118,1.0033995542398542,0.999817735509207,main T1,5.172737,3.917384,3.5861592036144883,5.669361170347097,shard-7/cells/coPapersDBLP__apxchol_v1_bg_tree_vec_pool_aos__t8.json,main T1,5.172737,3.917384,9.090121,3.5861592036144883,5.669361170347097,4.260877044631272,0.7916666666666666,4.488244259858118
coPapersDBLP,16,7,main,1a782c8d58fb8376909314e9e7e47c0afa7f0a0b,540486,31031944,0.9064183,0.4385092,1.344927,37,9.119708e-09,9.119707937e-09,,,3,1,2,clang,22.1.8,llvm-libomp,28d12fd82a261417c98beebd0114b66d25510e250afd3ebb7add86d7ac009294,5.172737,3.917384,main T1,5.706787914586455,8.933413483685177,6.758821110736865,0.7708333333333334,0.0118516,6.88617289367399,1.0033995542398542,0.999817735509207,main T1,5.172737,3.917384,5.706787914586455,8.933413483685177,shard-7/cells/coPapersDBLP__apxchol_v1_bg_tree_vec_pool_aos__t16.json,main T1,5.172737,3.917384,9.090121,5.706787914586455,8.933413483685177,6.758821110736865,0.7708333333333334,6.88617289367399
coPapersDBLP,36,7,main,1a782c8d58fb8376909314e9e7e47c0afa7f0a0b,540486,31031944,0.5999291,0.3107878,0.9107169,37,9.057323e-09,9.057323245e-09,,,3,1,3,clang,22.1.8,llvm-libomp,5898a70b6d39bbc159787e2f1b4aad2ff62730afd95ee7d8b26daae6bba0e360,5.172737,3.917384,main T1,8.622247195543606,12.604690402905133,9.981280681186435,0.7708333333333334,0.008399670270270271,9.716115518906038,1.0033995542398542,0.999817735509207,main T1,5.172737,3.917384,8.622247195543606,12.604690402905133,shard-7/cells/coPapersDBLP__apxchol_v1_bg_tree_vec_pool_aos__t36.json,main T1,5.172737,3.917384,9.090121,8.622247195543606,12.604690402905133,9.981280681186435,0.7708333333333334,9.716115518906038
coPapersDBLP,72,7,main,1a782c8d58fb8376909314e9e7e47c0afa7f0a0b,540486,31031944,0.5052264,0.2744823,0.7797087,37,7.549301e-09,7.54930078e-09,,,3,1,1,clang,22.1.8,llvm-libomp,d328ed4b139f21a289dd2224ca21b52118d1cd3f052bc0ba38efbcc34a91aca9,5.172737,3.917384,main T1,10.238453493324974,14.271900228175005,11.658355229331159,0.7708333333333334,0.007418440540540541,11.001256425884899,1.0033995542398542,0.999817735509207,main T1,5.172737,3.917384,10.238453493324974,14.271900228175005,shard-7/cells/coPapersDBLP__apxchol_v1_bg_tree_vec_pool_aos__t72.json,main T1,5.172737,3.917384,9.090121,10.238453493324974,14.271900228175005,11.658355229331159,0.7708333333333334,11.001256425884899
com-Amazon,1,7,main,1a782c8d58fb8376909314e9e7e47c0afa7f0a0b,334863,2186607,0.3976734,0.5069639,0.9046374,38,8.006111e-09,8.006110518e-09,,,3,1,3,clang,22.1.8,llvm-libomp,3b04a5329939a77684a0d94c8caae782b3eed00f82dd7542ef2bfa19b2438989,0.3976734,0.5069639,main T1,1.0,1.0,1.0,1.0,0.013341155263157895,1.0,1.0048459363890068,1.002086539100713,main T1,0.3976734,0.5069639,1.0,1.0,shard-7/cells/com-Amazon__apxchol_v1_bg_tree_vec_pool_aos__t1.json,main T1,0.3976734,0.5069639,0.9046374,1.0,1.0,1.0,1.0,1.0
com-Amazon,2,7,main,1a782c8d58fb8376909314e9e7e47c0afa7f0a0b,334863,2186607,0.3014394,0.2545775,0.5560169,34,8.555718e-09,8.555717724e-09,,,3,1,3,clang,22.1.8,llvm-libomp,2c96d45b1201a531c179579dbddc1e7002ee0bf9333316f9c59592eb56e5a974,0.3976734,0.5069639,main T1,1.3192482469113194,1.9913931906786735,1.6269962297908571,0.8947368421052632,0.007487573529411765,1.7817728548177605,1.0048459363890068,1.002086539100713,main T1,0.3976734,0.5069639,1.3192482469113194,1.9913931906786735,shard-7/cells/com-Amazon__apxchol_v1_bg_tree_vec_pool_aos__t2.json,main T1,0.3976734,0.5069639,0.9046374,1.3192482469113194,1.9913931906786735,1.6269962297908571,0.8947368421052632,1.7817728548177605
com-Amazon,4,7,main,1a782c8d58fb8376909314e9e7e47c0afa7f0a0b,334863,2186607,0.1870104,0.1368899,0.3239003,34,9.219457e-09,9.219456719e-09,,,3,1,2,clang,22.1.8,llvm-libomp,26009298f20f5cf766a6d3ccda5673887c7643595b2c42b72062e9e32a4fdcf0,0.3976734,0.5069639,main T1,2.1264774579381682,3.7034426937268563,2.792950176335126,0.8947368421052632,0.004026173529411765,3.313606620702976,1.0048459363890068,1.002086539100713,main T1,0.3976734,0.5069639,2.1264774579381682,3.7034426937268563,shard-7/cells/com-Amazon__apxchol_v1_bg_tree_vec_pool_aos__t4.json,main T1,0.3976734,0.5069639,0.9046374,2.1264774579381682,3.7034426937268563,2.792950176335126,0.8947368421052632,3.313606620702976
com-Amazon,8,7,main,1a782c8d58fb8376909314e9e7e47c0afa7f0a0b,334863,2186607,0.1200558,0.07879822,0.1988541,34,7.926328e-09,7.926328018e-09,,,3,1,2,clang,22.1.8,llvm-libomp,9b47da04bbbd6faddff26dd38858410a7785de8768b9495e650049548d9e5b7d,0.3976734,0.5069639,main T1,3.312404731799713,6.433697360168796,4.549251938984411,0.8947368421052632,0.002317594705882353,5.756466059098396,1.0048459363890068,1.002086539100713,main T1,0.3976734,0.5069639,3.312404731799713,6.433697360168796,shard-7/cells/com-Amazon__apxchol_v1_bg_tree_vec_pool_aos__t8.json,main T1,0.3976734,0.5069639,0.9046374,3.312404731799713,6.433697360168796,4.549251938984411,0.8947368421052632,5.756466059098396
com-Amazon,16,7,main,1a782c8d58fb8376909314e9e7e47c0afa7f0a0b,334863,2186607,0.08614371,0.04900687,0.1351506,33,9.777722e-09,9.777721965e-09,,,3,1,1,clang,22.1.8,llvm-libomp,0e636ccd7624fdce0672f6268c84f65b28140fe2f58f0aa38fd03f593f13fb96,0.3976734,0.5069639,main T1,4.616395091411782,10.3447516644095,6.693550750052164,0.868421052631579,0.0014850566666666668,8.983600129618775,1.0048459363890068,1.002086539100713,main T1,0.3976734,0.5069639,4.616395091411782,10.3447516644095,shard-7/cells/com-Amazon__apxchol_v1_bg_tree_vec_pool_aos__t16.json,main T1,0.3976734,0.5069639,0.9046374,4.616395091411782,10.3447516644095,6.693550750052164,0.868421052631579,8.983600129618775
com-Amazon,36,7,main,1a782c8d58fb8376909314e9e7e47c0afa7f0a0b,334863,2186607,0.06638936,0.03311147,0.09950084,33,9.09899e-09,9.098990304e-09,,,3,1,3,clang,22.1.8,llvm-libomp,41abb49f71dd2a7b2784e5174a80595dbf9f84a78961886c32628371332395a1,0.3976734,0.5069639,main T1,5.990017075025276,15.31082431556195,9.09175641130266,0.868421052631579,0.0010033778787878788,13.296242168777482,1.0048459363890068,1.002086539100713,main T1,0.3976734,0.5069639,5.990017075025276,15.31082431556195,shard-7/cells/com-Amazon__apxchol_v1_bg_tree_vec_pool_aos__t36.json,main T1,0.3976734,0.5069639,0.9046374,5.990017075025276,15.31082431556195,9.09175641130266,0.868421052631579,13.296242168777482
com-Amazon,72,7,main,1a782c8d58fb8376909314e9e7e47c0afa7f0a0b,334863,2186607,0.06024822,0.02916247,0.08941069,33,9.423942e-09,9.423941597e-09,,,3,1,1,clang,22.1.8,llvm-libomp,b31ca8ab076e7553da1eb7f5c022b401d1ec7c158b4785f30a9556748cb470b4,0.3976734,0.5069639,main T1,6.600583386529926,17.384120755203522,10.117776744592845,0.868421052631579,0.0008837112121212121,15.09673644530832,1.0048459363890068,1.002086539100713,main T1,0.3976734,0.5069639,6.600583386529926,17.384120755203522,shard-7/cells/com-Amazon__apxchol_v1_bg_tree_vec_pool_aos__t72.json,main T1,0.3976734,0.5069639,0.9046374,6.600583386529926,17.384120755203522,10.117776744592845,0.868421052631579,15.09673644530832
com-LiveJournal,1,7,main,1a782c8d58fb8376909314e9e7e47c0afa7f0a0b,3997962,73360340,26.29101,18.36113,44.65214,35,6.382817e-09,6.382816769e-09,,,3,1,1,clang,22.1.8,llvm-libomp,90cec8db8ca7823cb1855e248d4f58db9fc0fd8c5dba2e8d5b137c49e67d0e48,26.29101,18.36113,main T1,1.0,1.0,1.0,1.0,0.5246037142857143,1.0,0.9709341710341292,0.9694991539191762,main T1,26.29101,18.36113,1.0,1.0,shard-7/cells/com-LiveJournal__apxchol_v1_bg_tree_vec_pool_aos__t1.json,main T1,26.29101,18.36113,44.65214,1.0,1.0,1.0,1.0,1.0
com-LiveJournal,2,7,main,1a782c8d58fb8376909314e9e7e47c0afa7f0a0b,3997962,73360340,20.77575,12.11775,32.8935,34,8.423409e-09,8.423409431e-09,,,3,1,2,clang,22.1.8,llvm-libomp,d63d2762af7a0f7b1e8951b70eae9b47659f8b6c8a26a32eaa64af6845b21946,26.29101,18.36113,main T1,1.2654662286560052,1.5152260114295146,1.357476097101251,0.9714285714285714,0.35640441176470583,1.4719338396743857,0.9709341710341292,0.9694991539191762,main T1,26.29101,18.36113,1.2654662286560052,1.5152260114295146,shard-7/cells/com-LiveJournal__apxchol_v1_bg_tree_vec_pool_aos__t2.json,main T1,26.29101,18.36113,44.65214,1.2654662286560052,1.5152260114295146,1.357476097101251,0.9714285714285714,1.4719338396743857
com-LiveJournal,4,7,main,1a782c8d58fb8376909314e9e7e47c0afa7f0a0b,3997962,73360340,13.14791,6.761789,19.9097,33,8.974628e-09,8.974627691e-09,,,3,1,2,clang,22.1.8,llvm-libomp,c7a4a1d08a6f8acf7e1b9005db49b4099caab70ff361eef2b046f51e82f4da5b,26.29101,18.36113,main T1,1.9996341623877865,2.7154248675905146,2.242732939220581,0.9428571428571428,0.20490269696969698,2.560257732299628,0.9709341710341292,0.9694991539191762,main T1,26.29101,18.36113,1.9996341623877865,2.7154248675905146,shard-7/cells/com-LiveJournal__apxchol_v1_bg_tree_vec_pool_aos__t4.json,main T1,26.29101,18.36113,44.65214,1.9996341623877865,2.7154248675905146,2.242732939220581,0.9428571428571428,2.560257732299628
com-LiveJournal,8,7,main,1a782c8d58fb8376909314e9e7e47c0afa7f0a0b,3997962,73360340,8.169612,3.877434,12.04705,30,9.177352e-09,9.177351623e-09,,,3,1,2,clang,22.1.8,llvm-libomp,715f2bff4755b458a6382156eac6bbad66aa034ad0df09660ba4c904258c5887,26.29101,18.36113,main T1,3.2181467124754515,4.735381698308727,3.7064791795501804,0.8571428571428571,0.1292478,4.058898598550337,0.9709341710341292,0.9694991539191762,main T1,26.29101,18.36113,3.2181467124754515,4.735381698308727,shard-7/cells/com-LiveJournal__apxchol_v1_bg_tree_vec_pool_aos__t8.json,main T1,26.29101,18.36113,44.65214,3.2181467124754515,4.735381698308727,3.7064791795501804,0.8571428571428571,4.058898598550337
com-LiveJournal,16,7,main,1a782c8d58fb8376909314e9e7e47c0afa7f0a0b,3997962,73360340,5.371996,2.667884,8.03988,30,7.23358e-09,7.233579665e-09,,,3,1,2,clang,22.1.8,llvm-libomp,e1c5b690078b46af3bb859ffb761402495d9eb09eba722c1cc73c6707bf436b6,26.29101,18.36113,main T1,4.894085922625408,6.882281988272354,5.553831649228596,0.8571428571428571,0.08892946666666666,5.899098847090589,0.9709341710341292,0.9694991539191762,main T1,26.29101,18.36113,4.894085922625408,6.882281988272354,shard-7/cells/com-LiveJournal__apxchol_v1_bg_tree_vec_pool_aos__t16.json,main T1,26.29101,18.36113,44.65214,4.894085922625408,6.882281988272354,5.553831649228596,0.8571428571428571,5.899098847090589
com-LiveJournal,36,7,main,1a782c8d58fb8376909314e9e7e47c0afa7f0a0b,3997962,73360340,3.788286,2.02195,5.810236,30,8.533311e-09,8.533311149e-09,,,3,1,1,clang,22.1.8,llvm-libomp,7f672538456f6566bf94737d30a6552ad2fd2bb8d787c0a1bce8e545e5d085df,26.29101,18.36113,main T1,6.940080553580168,9.080902099458443,7.685081982900523,0.8571428571428571,0.06739833333333332,7.7836303709643815,0.9709341710341292,0.9694991539191762,main T1,26.29101,18.36113,6.940080553580168,9.080902099458443,shard-7/cells/com-LiveJournal__apxchol_v1_bg_tree_vec_pool_aos__t36.json,main T1,26.29101,18.36113,44.65214,6.940080553580168,9.080902099458443,7.685081982900523,0.8571428571428571,7.7836303709643815
com-LiveJournal,72,7,main,1a782c8d58fb8376909314e9e7e47c0afa7f0a0b,3997962,73360340,2.961691,1.589963,4.551654,30,6.664806e-09,6.664806497e-09,,,3,1,3,clang,22.1.8,llvm-libomp,2065d82ac88ad59d35891579851ec9ffbe2b2c30dfc24541666f9169cbc793ab,26.29101,18.36113,main T1,8.877026671587279,11.548149233661412,9.810091013069096,0.8571428571428571,0.05299876666666667,9.898413628852639,0.9709341710341292,0.9694991539191762,main T1,26.29101,18.36113,8.877026671587279,11.548149233661412,shard-7/cells/com-LiveJournal__apxchol_v1_bg_tree_vec_pool_aos__t72.json,main T1,26.29101,18.36113,44.65214,8.877026671587279,11.548149233661412,9.810091013069096,0.8571428571428571,9.898413628852639
com-Orkut,1,0,main,1a782c8d58fb8376909314e9e7e47c0afa7f0a0b,3072441,237442607,119.0775,93.48034,212.5578,50,9.604355e-09,9.604355467e-09,,,3,1,1,clang,22.1.8,llvm-libomp,363aba7e144169daee103c16d3d2cf3a5cbf7aad09054d97cf12ab2b1b5fda8c,119.0775,93.48034,main T1,1.0,1.0,1.0,1.0,1.8696068,1.0,,,main T1,119.0775,93.48034,1.0,1.0,shard-0/cells/com-Orkut__apxchol_v1_bg_tree_vec_pool_aos__t1.json,main T1,119.0775,93.48034,212.5578,1.0,1.0,1.0,1.0,1.0
com-Orkut,2,1,main,1a782c8d58fb8376909314e9e7e47c0afa7f0a0b,3072441,237442607,82.68218,47.58251,130.2647,42,5.510064e-09,5.510063992e-09,,,3,1,2,clang,22.1.8,llvm-libomp,fb47cf0af201322fd36b79bb79da222d9678ba6572114719cfe09e16080ab11e,119.0775,93.48034,main T1,1.4401833623641755,1.9645945537551508,1.6317375313496287,0.84,1.1329169047619048,1.6502594251543266,0.9558354852931914,0.959025181123646,same-node T1 control,113.8185,89.65,1.376578363076542,1.8840956477495618,shard-1/cells/com-Orkut__apxchol_v1_bg_tree_vec_pool_aos__t2.json,same-node T1 control,113.8185,89.65,203.4685,1.376578363076542,1.8840956477495618,1.5619619129357378,0.84,1.582640344109632
com-Orkut,4,2,main,1a782c8d58fb8376909314e9e7e47c0afa7f0a0b,3072441,237442607,49.73474,23.72502,73.45976,35,6.111263e-09,6.111262794e-09,,,3,1,1,clang,22.1.8,llvm-libomp,071b70508969f336ee8e33760971a82cb9791c3a32a1e00106d75b9b5ac46fa2,119.0775,93.48034,main T1,2.3942519856341864,3.940158533059192,2.893527013973364,0.7,0.6778577142857143,2.7581109731414344,0.9734055552056434,0.9704804240121505,same-node T1 control,115.9107,90.72084,2.3305781833784596,3.8238467238383778,shard-2/cells/com-Orkut__apxchol_v1_bg_tree_vec_pool_aos__t4.json,same-node T1 control,115.9107,90.72084,206.6315,2.3305781833784596,3.8238467238383778,2.812852914303014,0.7,2.6766927066868647
com-Orkut,8,3,main,1a782c8d58fb8376909314e9e7e47c0afa7f0a0b,3072441,237442607,30.88302,12.92735,43.81037,30,8.560827e-09,8.560826952e-09,,,3,1,2,clang,22.1.8,llvm-libomp,3ce506aa1af8b318c2b25b464753be774309dac05fdf296f590ca29d5c29286c,119.0775,93.48034,main T1,3.855759572736086,7.231206705163857,4.851769113111804,0.6,0.4309116666666667,4.338724023098314,0.9785349877180828,0.9787441936989104,same-node T1 control,116.5215,91.49334,3.772995646151186,7.077501576115755,shard-3/cells/com-Orkut__apxchol_v1_bg_tree_vec_pool_aos__t8.json,same-node T1 control,116.5215,91.49334,208.0149,3.772995646151186,7.077501576115755,4.748074485561296,0.6,4.246500945669452
com-Orkut,16,4,main,1a782c8d58fb8376909314e9e7e47c0afa7f0a0b,3072441,237442607,20.85453,7.804787,28.65932,23,8.68244e-09,8.682440467e-09,,,3,1,1,clang,22.1.8,llvm-libomp,67ad76b5a9d9b622fe106dc76b8d0ba7f92ca930a11af381fc5672a8141decff,119.0775,93.48034,main T1,5.709910508652077,11.977308285286965,7.416707723700352,0.46,0.3393385652173913,5.509561811232004,0.9815506707816338,0.9905916046090548,same-node T1 control,116.8806,92.60084,5.604566489870546,11.864621033219741,shard-4/cells/com-Orkut__apxchol_v1_bg_tree_vec_pool_aos__t16.json,same-node T1 control,116.8806,92.60084,209.4814,5.604566489870546,11.864621033219741,7.309363934664186,0.46,5.457725675281081
com-Orkut,36,5,main,1a782c8d58fb8376909314e9e7e47c0afa7f0a0b,3072441,237442607,13.6063,4.842136,18.44844,19,6.172573e-09,6.172572751e-09,,,3,1,1,clang,22.1.8,llvm-libomp,a7700f5d8f92e93f37dba710cbcb45e951eb1bfc62d1c162ae258de45f15a1ea,119.0775,93.48034,main T1,8.751644458816871,19.30559984271404,11.521722161873848,0.38,0.25484926315789475,7.336127940231335,0.9910192941571665,0.9574101891370956,same-node T1 control,118.0081,89.49903,8.673048514291175,18.483377996817936,shard-5/cells/com-Orkut__apxchol_v1_bg_tree_vec_pool_aos__t36.json,same-node T1 control,118.0081,89.49903,207.5072,8.673048514291175,18.483377996817936,11.247953756523586,0.38,7.023683638790814
com-Orkut,72,6,main,1a782c8d58fb8376909314e9e7e47c0afa7f0a0b,3072441,237442607,11.11206,4.305744,15.4178,18,5.985538e-09,5.985538484e-09,,,3,1,2,clang,22.1.8,llvm-libomp,891aaafa8814599e3805dd0f7f772153d657b64aa1db84282bb3f01c5de5c5a3,119.0775,93.48034,main T1,10.716059848488939,21.710612614219517,13.78651947748706,0.36,0.23920799999999998,7.8158205411190265,0.9967894858390544,0.9741099572380674,same-node T1 control,118.6952,91.06013,10.681655786595826,21.14852392524962,shard-6/cells/com-Orkut__apxchol_v1_bg_tree_vec_pool_aos__t72.json,same-node T1 control,118.6952,91.06013,209.7554,10.681655786595826,21.14852392524962,13.604755542295269,0.36,7.613468613089864
ecology1,1,7,main,1a782c8d58fb8376909314e9e7e47c0afa7f0a0b,1000000,4996000,0.4599421,0.8086023,1.268544,46,9.163647e-09,9.16364739e-09,,,3,1,1,clang,22.1.8,llvm-libomp,9bf0adba50ab4b10867b02c24868007938ec243e8ff7f7477ec264c33ba5538d,0.4599421,0.8086023,main T1,1.0,1.0,1.0,1.0,0.017578310869565218,1.0,1.0017199991042351,1.0019925740997768,main T1,0.4599421,0.8086023,1.0,1.0,shard-7/cells/ecology1__apxchol_v1_bg_tree_vec_pool_aos__t1.json,main T1,0.4599421,0.8086023,1.268544,1.0,1.0,1.0,1.0,1.0
ecology1,2,7,main,1a782c8d58fb8376909314e9e7e47c0afa7f0a0b,1000000,4996000,0.2955207,0.4167854,0.7123062,45,7.192697e-09,7.192696903e-09,,,3,1,1,clang,22.1.8,llvm-libomp,a90054ee125f08197923c8dcd0083cc1e189f2044486f34f771613837071120d,0.4599421,0.8086023,main T1,1.556378622546576,1.9400926711924171,1.780897035572623,0.9782608695652174,0.009261897777777778,1.8979167435577993,1.0017199991042351,1.0019925740997768,main T1,0.4599421,0.8086023,1.556378622546576,1.9400926711924171,shard-7/cells/ecology1__apxchol_v1_bg_tree_vec_pool_aos__t2.json,main T1,0.4599421,0.8086023,1.268544,1.556378622546576,1.9400926711924171,1.780897035572623,0.9782608695652174,1.8979167435577993
ecology1,4,7,main,1a782c8d58fb8376909314e9e7e47c0afa7f0a0b,1000000,4996000,0.1724289,0.2199601,0.392389,45,9.573622e-09,9.573621741e-09,,,3,1,1,clang,22.1.8,llvm-libomp,556e1f0311f711ec4f0a0af8ab9e7fa1e0081f7c308a20c5ba57815a9e1ad789,0.4599421,0.8086023,main T1,2.6674304597431173,3.676131716615877,3.2328735005313605,0.9782608695652174,0.004888002222222222,3.5962158097329233,1.0017199991042351,1.0019925740997768,main T1,0.4599421,0.8086023,2.6674304597431173,3.676131716615877,shard-7/cells/ecology1__apxchol_v1_bg_tree_vec_pool_aos__t4.json,main T1,0.4599421,0.8086023,1.268544,2.6674304597431173,3.676131716615877,3.2328735005313605,0.9782608695652174,3.5962158097329233
ecology1,8,7,main,1a782c8d58fb8376909314e9e7e47c0afa7f0a0b,1000000,4996000,0.1044973,0.117845,0.2223423,44,9.438205e-09,9.438205142e-09,,,3,1,3,clang,22.1.8,llvm-libomp,af412b7212ff805c3159769c80008c2adfeb6a8cb73f84eb889503fd8e399687,0.4599421,0.8086023,main T1,4.401473530895057,6.8615749501463785,5.705365105964992,0.9565217391304348,0.0026782954545454545,6.563245604487841,1.0017199991042351,1.0019925740997768,main T1,0.4599421,0.8086023,4.401473530895057,6.8615749501463785,shard-7/cells/ecology1__apxchol_v1_bg_tree_vec_pool_aos__t8.json,main T1,0.4599421,0.8086023,1.268544,4.401473530895057,6.8615749501463785,5.705365105964992,0.9565217391304348,6.563245604487841
ecology1,16,7,main,1a782c8d58fb8376909314e9e7e47c0afa7f0a0b,1000000,4996000,0.06782169,0.07006416,0.1378859,44,8.430835e-09,8.430835305e-09,,,3,1,2,clang,22.1.8,llvm-libomp,89102eb6420f965e10ea13adb0f47a5d5f6a81e02984c056ec3259b3281e871f,0.4599421,0.8086023,main T1,6.781637260882175,11.54088338460063,9.199954455096568,0.9565217391304348,0.0015923672727272728,11.039105846139732,1.0017199991042351,1.0019925740997768,main T1,0.4599421,0.8086023,6.781637260882175,11.54088338460063,shard-7/cells/ecology1__apxchol_v1_bg_tree_vec_pool_aos__t16.json,main T1,0.4599421,0.8086023,1.268544,6.781637260882175,11.54088338460063,9.199954455096568,0.9565217391304348,11.039105846139732
ecology1,36,7,main,1a782c8d58fb8376909314e9e7e47c0afa7f0a0b,1000000,4996000,0.04790208,0.04550176,0.09340384,44,9.776141e-09,9.776141245e-09,,,3,1,2,clang,22.1.8,llvm-libomp,cef37c945d0e4137c44ade1dd472ebe9c0b20302d3e3addd1fa9717f4b4bbb3f,0.4599421,0.8086023,main T1,9.601714581078735,17.770791723221254,13.581283167801237,0.9565217391304348,0.0010341309090909092,16.99814860482033,1.0017199991042351,1.0019925740997768,main T1,0.4599421,0.8086023,9.601714581078735,17.770791723221254,shard-7/cells/ecology1__apxchol_v1_bg_tree_vec_pool_aos__t36.json,main T1,0.4599421,0.8086023,1.268544,9.601714581078735,17.770791723221254,13.581283167801237,0.9565217391304348,16.99814860482033
ecology1,72,7,main,1a782c8d58fb8376909314e9e7e47c0afa7f0a0b,1000000,4996000,0.04229683,0.0385891,0.08088593,43,8.479826e-09,8.479826392e-09,,,3,1,3,clang,22.1.8,llvm-libomp,d2d9ad094991477b3708c5cdbff5dcaf4a968da2e130555a303b1bec40b7b0d6,0.4599421,0.8086023,main T1,10.874150616015433,20.954163222257062,15.683123134023432,0.9347826086956522,0.0008974209302325582,19.58758735993595,1.0017199991042351,1.0019925740997768,main T1,0.4599421,0.8086023,10.874150616015433,20.954163222257062,shard-7/cells/ecology1__apxchol_v1_bg_tree_vec_pool_aos__t72.json,main T1,0.4599421,0.8086023,1.268544,10.874150616015433,20.954163222257062,15.683123134023432,0.9347826086956522,19.58758735993595
grid3d_100,1,7,main,1a782c8d58fb8376909314e9e7e47c0afa7f0a0b,1000000,6940000,1.010345,0.8153737,1.825719,30,9.446701e-09,9.446701447e-09,,,3,1,2,clang,22.1.8,llvm-libomp,35d9da0005d4d8d58b74d9c606f8ee83f6b73cd698a6fc9739f362d68666da3d,1.010345,0.8153737,main T1,1.0,1.0,1.0,1.0,0.027179123333333333,1.0,0.9896175068912104,0.9961448351841615,main T1,1.010345,0.8153737,1.0,1.0,shard-7/cells/grid3d_100__apxchol_v1_bg_tree_vec_pool_aos__t1.json,main T1,1.010345,0.8153737,1.825719,1.0,1.0,1.0,1.0,1.0
grid3d_100,2,7,main,1a782c8d58fb8376909314e9e7e47c0afa7f0a0b,1000000,6940000,0.6567933,0.4343892,1.091183,29,8.297784e-09,8.297783837e-09,,,3,1,3,clang,22.1.8,llvm-libomp,63522e0213eac74a9ebbc22c6ebdb87f80085bb0cd11e864b9d45e933d151f6b,1.010345,0.8153737,main T1,1.5382997969071852,1.8770579471128657,1.6731556485025885,0.9666666666666667,0.014978937931034482,1.81448934887577,0.9896175068912104,0.9961448351841615,main T1,1.010345,0.8153737,1.5382997969071852,1.8770579471128657,shard-7/cells/grid3d_100__apxchol_v1_bg_tree_vec_pool_aos__t2.json,main T1,1.010345,0.8153737,1.825719,1.5382997969071852,1.8770579471128657,1.6731556485025885,0.9666666666666667,1.81448934887577
grid3d_100,4,7,main,1a782c8d58fb8376909314e9e7e47c0afa7f0a0b,1000000,6940000,0.3724483,0.2509973,0.6234457,31,8.818777e-09,8.81877662e-09,,,3,1,1,clang,22.1.8,llvm-libomp,a2213dca3619f427476b53083bd23067f3d92a41c34a9482c5da56ff16f914f7,1.010345,0.8153737,main T1,2.7127120730581935,3.248535741221121,2.9284330616122625,1.0333333333333334,0.008096687096774193,3.3568202659284916,0.9896175068912104,0.9961448351841615,main T1,1.010345,0.8153737,2.7127120730581935,3.248535741221121,shard-7/cells/grid3d_100__apxchol_v1_bg_tree_vec_pool_aos__t4.json,main T1,1.010345,0.8153737,1.825719,2.7127120730581935,3.248535741221121,2.9284330616122625,1.0333333333333334,3.3568202659284916
grid3d_100,8,7,main,1a782c8d58fb8376909314e9e7e47c0afa7f0a0b,1000000,6940000,0.2360126,0.1479,0.3839126,31,7.471558e-09,7.471557506e-09,,,3,1,3,clang,22.1.8,llvm-libomp,dea328e922d19a45e87e28a600e84753436d2b323225bf593928a14723d45e86,1.010345,0.8153737,main T1,4.280894325133489,5.51300676132522,4.755558947531288,1.0333333333333334,0.004770967741935484,5.696773653369394,0.9896175068912104,0.9961448351841615,main T1,1.010345,0.8153737,4.280894325133489,5.51300676132522,shard-7/cells/grid3d_100__apxchol_v1_bg_tree_vec_pool_aos__t8.json,main T1,1.010345,0.8153737,1.825719,4.280894325133489,5.51300676132522,4.755558947531288,1.0333333333333334,5.696773653369394
grid3d_100,16,7,main,1a782c8d58fb8376909314e9e7e47c0afa7f0a0b,1000000,6940000,0.1622401,0.08873331,0.2509734,31,7.489548e-09,7.489547579e-09,,,3,1,1,clang,22.1.8,llvm-libomp,93279b968a72cb46083924e53a1661b711887d9b0bdab998509c10ae86d8f4d0,1.010345,0.8153737,main T1,6.227467808513432,9.18903735248916,7.274551805091695,1.0333333333333334,0.0028623648387096773,9.495338597572132,0.9896175068912104,0.9961448351841615,main T1,1.010345,0.8153737,6.227467808513432,9.18903735248916,shard-7/cells/grid3d_100__apxchol_v1_bg_tree_vec_pool_aos__t16.json,main T1,1.010345,0.8153737,1.825719,6.227467808513432,9.18903735248916,7.274551805091695,1.0333333333333334,9.495338597572132
grid3d_100,36,7,main,1a782c8d58fb8376909314e9e7e47c0afa7f0a0b,1000000,6940000,0.1207799,0.06135926,0.1821391,30,8.937112e-09,8.93711213e-09,,,3,1,2,clang,22.1.8,llvm-libomp,cba2aca37ff977c024b9fb1a44f0b77f45a2f0a9b8587a19d4015ad38f46c51f,1.010345,0.8153737,main T1,8.365175000144893,13.2885191249047,10.023762058778154,1.0,0.0020453086666666668,13.288519124904699,0.9896175068912104,0.9961448351841615,main T1,1.010345,0.8153737,8.365175000144893,13.2885191249047,shard-7/cells/grid3d_100__apxchol_v1_bg_tree_vec_pool_aos__t36.json,main T1,1.010345,0.8153737,1.825719,8.365175000144893,13.2885191249047,10.023762058778154,1.0,13.288519124904699
grid3d_100,72,7,main,1a782c8d58fb8376909314e9e7e47c0afa7f0a0b,1000000,6940000,0.1068867,0.05396989,0.1608565,30,9.671812e-09,9.671811714e-09,,,3,1,3,clang,22.1.8,llvm-libomp,7d603fa6055e4e2bf9e9994440a8d9715f269474f9aebe700fc0c485b6e73fb2,1.010345,0.8153737,main T1,9.45248566940508,15.107937036744007,11.349985856959464,1.0,0.0017989963333333333,15.107937036744007,0.9896175068912104,0.9961448351841615,main T1,1.010345,0.8153737,9.45248566940508,15.107937036744007,shard-7/cells/grid3d_100__apxchol_v1_bg_tree_vec_pool_aos__t72.json,main T1,1.010345,0.8153737,1.825719,9.45248566940508,15.107937036744007,11.349985856959464,1.0,15.107937036744007
grid_1000,1,7,main,1a782c8d58fb8376909314e9e7e47c0afa7f0a0b,1000000,4996000,0.4559369,0.7878091,1.243746,45,7.192314e-09,7.192314387e-09,,,3,1,3,clang,22.1.8,llvm-libomp,bd74bd2c305f02325074bedd309fabb0b90d935abef578aead5803a8466d3603,0.4559369,0.7878091,main T1,1.0,1.0,1.0,1.0,0.01750686888888889,1.0,1.0028457885290707,1.002590094478472,main T1,0.4559369,0.7878091,1.0,1.0,shard-7/cells/grid_1000__apxchol_v1_bg_tree_vec_pool_aos__t1.json,main T1,0.4559369,0.7878091,1.243746,1.0,1.0,1.0,1.0,1.0
grid_1000,2,7,main,1a782c8d58fb8376909314e9e7e47c0afa7f0a0b,1000000,4996000,0.2982547,0.4043732,0.7026279,44,7.018367e-09,7.018367038e-09,,,3,1,1,clang,22.1.8,llvm-libomp,8051883920e0b43c5d2158c4d1e724ea9713354d04897266f6e3206626407e4a,0.4559369,0.7878091,main T1,1.5286830350033043,1.9482228298017774,1.7701346616039586,0.9777777777777777,0.0091903,1.9049289891395156,1.0028457885290707,1.002590094478472,main T1,0.4559369,0.7878091,1.5286830350033043,1.9482228298017774,shard-7/cells/grid_1000__apxchol_v1_bg_tree_vec_pool_aos__t2.json,main T1,0.4559369,0.7878091,1.243746,1.5286830350033043,1.9482228298017774,1.7701346616039586,0.9777777777777777,1.9049289891395156
grid_1000,4,7,main,1a782c8d58fb8376909314e9e7e47c0afa7f0a0b,1000000,4996000,0.1650518,0.210106,0.3751577,43,8.473722e-09,8.473721802e-09,,,3,1,1,clang,22.1.8,llvm-libomp,829354155c0a054d37d539b07ebcbe0fd1f997e538fe554cf84568019c30f321,0.4559369,0.7878091,main T1,2.762386717382058,3.7495792599925757,3.3152618218951657,0.9555555555555556,0.004886186046511628,3.5829312928817947,1.0028457885290707,1.002590094478472,main T1,0.4559369,0.7878091,2.762386717382058,3.7495792599925757,shard-7/cells/grid_1000__apxchol_v1_bg_tree_vec_pool_aos__t4.json,main T1,0.4559369,0.7878091,1.243746,2.762386717382058,3.7495792599925757,3.3152618218951657,0.9555555555555556,3.5829312928817947
grid_1000,8,7,main,1a782c8d58fb8376909314e9e7e47c0afa7f0a0b,1000000,4996000,0.1001597,0.1170857,0.2172455,44,7.98198e-09,7.981980354e-09,,,3,1,2,clang,22.1.8,llvm-libomp,e37f18dbd200f35ff9cf8113cdaae173fe24c1336925ef99fbaf015220438109,0.4559369,0.7878091,main T1,4.552099297422017,6.728482641347321,5.725071405391596,0.9777777777777777,0.0026610386363636364,6.578960804872937,1.0028457885290707,1.002590094478472,main T1,0.4559369,0.7878091,4.552099297422017,6.728482641347321,shard-7/cells/grid_1000__apxchol_v1_bg_tree_vec_pool_aos__t8.json,main T1,0.4559369,0.7878091,1.243746,4.552099297422017,6.728482641347321,5.725071405391596,0.9777777777777777,6.578960804872937
grid_1000,16,7,main,1a782c8d58fb8376909314e9e7e47c0afa7f0a0b,1000000,4996000,0.06675526,0.07148409,0.1382394,45,6.786706e-09,6.786706106e-09,,,3,1,2,clang,22.1.8,llvm-libomp,95e09d88798c825c875ea8e25b70f241e1c2e2bc7f8876da48debead8d3ba928,0.4559369,0.7878091,main T1,6.82997714337417,11.02076140299191,8.99704425800459,1.0,0.0015885353333333332,11.020761402991912,1.0028457885290707,1.002590094478472,main T1,0.4559369,0.7878091,6.82997714337417,11.02076140299191,shard-7/cells/grid_1000__apxchol_v1_bg_tree_vec_pool_aos__t16.json,main T1,0.4559369,0.7878091,1.243746,6.82997714337417,11.02076140299191,8.99704425800459,1.0,11.020761402991912
grid_1000,36,7,main,1a782c8d58fb8376909314e9e7e47c0afa7f0a0b,1000000,4996000,0.04658595,0.04643214,0.09301809,46,6.766852e-09,6.766851711e-09,,,3,1,3,clang,22.1.8,llvm-libomp,54b18c907e4ef2b6e6c4bbc6de6e57c13c7d94d540c24ed514e8ae8902e71638,0.4559369,0.7878091,main T1,9.787004450912775,16.966891898585764,13.371012025725319,1.0222222222222221,0.001009394347826087,17.343933940776562,1.0028457885290707,1.002590094478472,main T1,0.4559369,0.7878091,9.787004450912775,16.966891898585764,shard-7/cells/grid_1000__apxchol_v1_bg_tree_vec_pool_aos__t36.json,main T1,0.4559369,0.7878091,1.243746,9.787004450912775,16.966891898585764,13.371012025725319,1.0222222222222221,17.343933940776562
grid_1000,72,7,main,1a782c8d58fb8376909314e9e7e47c0afa7f0a0b,1000000,4996000,0.04042246,0.03840657,0.07882903,44,9.210537e-09,9.210536606e-09,,,3,1,2,clang,22.1.8,llvm-libomp,f23c2af76d0a65eaa9538d729317e25dad357c09a50892980db1a624b008349b,0.4559369,0.7878091,main T1,11.279296213045916,20.512352443865723,15.777766135140824,0.9777777777777777,0.0008728765909090909,20.0565223895576,1.0028457885290707,1.002590094478472,main T1,0.4559369,0.7878091,11.279296213045916,20.512352443865723,shard-7/cells/grid_1000__apxchol_v1_bg_tree_vec_pool_aos__t72.json,main T1,0.4559369,0.7878091,1.243746,11.279296213045916,20.512352443865723,15.777766135140824,0.9777777777777777,20.0565223895576
grid_2000,1,7,main,1a782c8d58fb8376909314e9e7e47c0afa7f0a0b,4000000,19992000,2.313367,3.973831,6.287198,49,7.812363e-09,7.812363067e-09,,,3,1,1,clang,22.1.8,llvm-libomp,20088b8bdaf5736b0dd567acf72e50464baa7f0ab1fa0eb0e03aac89e5bb5a51,2.313367,3.973831,main T1,1.0,1.0,1.0,1.0,0.0810985918367347,1.0,0.9993861760801463,1.0023986928482866,main T1,2.313367,3.973831,1.0,1.0,shard-7/cells/grid_2000__apxchol_v1_bg_tree_vec_pool_aos__t1.json,main T1,2.313367,3.973831,6.287198,1.0,1.0,1.0,1.0,1.0
grid_2000,2,7,main,1a782c8d58fb8376909314e9e7e47c0afa7f0a0b,4000000,19992000,1.398653,1.966692,3.365345,48,7.000424e-09,7.00042366e-09,,,3,1,2,clang,22.1.8,llvm-libomp,71602e847901b517c25d9b5c80e35ecb26274cce9cc9192747d7d4fbaea66133,2.313367,3.973831,main T1,1.6539963808035303,2.020566006268394,1.868217968737232,0.9795918367346939,0.04097275,1.9793299653241407,0.9993861760801463,1.0023986928482866,main T1,2.313367,3.973831,1.6539963808035303,2.020566006268394,shard-7/cells/grid_2000__apxchol_v1_bg_tree_vec_pool_aos__t2.json,main T1,2.313367,3.973831,6.287198,1.6539963808035303,2.020566006268394,1.868217968737232,0.9795918367346939,1.9793299653241407
grid_2000,4,7,main,1a782c8d58fb8376909314e9e7e47c0afa7f0a0b,4000000,19992000,0.7642261,1.038378,1.802604,49,9.640043e-09,9.640043293e-09,,,3,1,2,clang,22.1.8,llvm-libomp,73a56ef8e3d68c9acfe2ed33e8c89ebbbe42dcaba85bffe3044bed08304dbbf0,2.313367,3.973831,main T1,3.02707143867502,3.826959931739694,3.487842032970081,1.0,0.021191387755102042,3.826959931739694,0.9993861760801463,1.0023986928482866,main T1,2.313367,3.973831,3.02707143867502,3.826959931739694,shard-7/cells/grid_2000__apxchol_v1_bg_tree_vec_pool_aos__t4.json,main T1,2.313367,3.973831,6.287198,3.02707143867502,3.826959931739694,3.487842032970081,1.0,3.826959931739694
grid_2000,8,7,main,1a782c8d58fb8376909314e9e7e47c0afa7f0a0b,4000000,19992000,0.4366336,0.5156744,0.9523081,46,9.23829e-09,9.238289839e-09,,,3,1,1,clang,22.1.8,llvm-libomp,0a3b9aa8f1c855210cefb5b1364476c9e52685fff55bda3c3f6834bb313d3eab,2.313367,3.973831,main T1,5.298188229215525,7.706085467884386,6.602062924803433,0.9387755102040817,0.01121031304347826,7.234284316789424,0.9993861760801463,1.0023986928482866,main T1,2.313367,3.973831,5.298188229215525,7.706085467884386,shard-7/cells/grid_2000__apxchol_v1_bg_tree_vec_pool_aos__t8.json,main T1,2.313367,3.973831,6.287198,5.298188229215525,7.706085467884386,6.602062924803433,0.9387755102040817,7.234284316789424
grid_2000,16,7,main,1a782c8d58fb8376909314e9e7e47c0afa7f0a0b,4000000,19992000,0.2704357,0.309707,0.5801427,47,7.450762e-09,7.450761708e-09,,,3,1,1,clang,22.1.8,llvm-libomp,bfdb6abe511d2339d7b197c1420dea8f39ba51faf3afa5a4f509400e17b83c5d,2.313367,3.973831,main T1,8.554221946288896,12.830936982373663,10.837330194795177,0.9591836734693877,0.006589510638297873,12.30722526880739,0.9993861760801463,1.0023986928482866,main T1,2.313367,3.973831,8.554221946288896,12.830936982373663,shard-7/cells/grid_2000__apxchol_v1_bg_tree_vec_pool_aos__t16.json,main T1,2.313367,3.973831,6.287198,8.554221946288896,12.830936982373663,10.837330194795177,0.9591836734693877,12.30722526880739
grid_2000,36,7,main,1a782c8d58fb8376909314e9e7e47c0afa7f0a0b,4000000,19992000,0.1777226,0.2041861,0.3819087,47,7.500295e-09,7.500294628e-09,,,3,1,3,clang,22.1.8,llvm-libomp,38d64bc3e86351ed2c5013fa5d2012ea35f8895febf845369e7130a6c64c0390,2.313367,3.973831,main T1,13.016729442400685,19.46180959428678,16.462568147832194,0.9591836734693877,0.004344385106382979,18.667450019009767,0.9993861760801463,1.0023986928482866,main T1,2.313367,3.973831,13.016729442400685,19.46180959428678,shard-7/cells/grid_2000__apxchol_v1_bg_tree_vec_pool_aos__t36.json,main T1,2.313367,3.973831,6.287198,13.016729442400685,19.46180959428678,16.462568147832194,0.9591836734693877,18.667450019009767
grid_2000,72,7,main,1a782c8d58fb8376909314e9e7e47c0afa7f0a0b,4000000,19992000,0.1444923,0.1823813,0.3268736,47,7.608705e-09,7.608704593e-09,,,3,1,3,clang,22.1.8,llvm-libomp,fe52a88694c29ef3ff8952637579d9e0944c30ec0f69fafac5ebcaf0f51472dd,2.313367,3.973831,main T1,16.010313352337807,21.78858797475399,19.23434012413361,0.9591836734693877,0.0038804531914893615,20.89925785333546,0.9993861760801463,1.0023986928482866,main T1,2.313367,3.973831,16.010313352337807,21.78858797475399,shard-7/cells/grid_2000__apxchol_v1_bg_tree_vec_pool_aos__t72.json,main T1,2.313367,3.973831,6.287198,16.010313352337807,21.78858797475399,19.23434012413361,0.9591836734693877,20.89925785333546
grid_4000,1,0,main,1a782c8d58fb8376909314e9e7e47c0afa7f0a0b,16000000,79984000,10.49503,20.39586,30.89089,51,9.520174e-09,9.520174345e-09,,,3,1,3,clang,22.1.8,llvm-libomp,c29b3e92041bb8877ce1cc1da6783fb572d35ac480a57f4d9f63e6ed1d3f2ccb,10.49503,20.39586,main T1,1.0,1.0,1.0,1.0,0.39991882352941177,1.0,1.008341090973537,1.0012409381119503,main T1,10.49503,20.39586,1.0,1.0,shard-0/cells/grid_4000__apxchol_v1_bg_tree_vec_pool_aos__t1.json,main T1,10.49503,20.39586,30.89089,1.0,1.0,1.0,1.0,1.0
grid_4000,2,0,main,1a782c8d58fb8376909314e9e7e47c0afa7f0a0b,16000000,79984000,6.464795,10.3467,16.81149,50,9.748773e-09,9.748772887e-09,,,3,1,2,clang,22.1.8,llvm-libomp,8b8d4ffe05c5eacf3e15428534755857e5d5fb0a4d55e489cb8e80746e4178f2,10.49503,20.39586,main T1,1.6234126526827224,1.9712430050160918,1.837486742698,0.9803921568627451,0.206934,1.9325911813883256,1.008341090973537,1.0012409381119503,main T1,10.49503,20.39586,1.6234126526827224,1.9712430050160918,shard-0/cells/grid_4000__apxchol_v1_bg_tree_vec_pool_aos__t2.json,main T1,10.49503,20.39586,30.89089,1.6234126526827224,1.9712430050160918,1.837486742698,0.9803921568627451,1.9325911813883256
grid_4000,4,0,main,1a782c8d58fb8376909314e9e7e47c0afa7f0a0b,16000000,79984000,3.546647,5.465645,9.012292,52,9.119128e-09,9.119128042e-09,,,3,1,3,clang,22.1.8,llvm-libomp,d33524cb2969fa106c2a2061b7550b98ef6f5188f0b2e6b89239e245dbc9bab4,10.49503,20.39586,main T1,2.959141408772849,3.731647408494331,3.4276397169554644,1.0196078431372548,0.1051085576923077,3.804816965523632,1.008341090973537,1.0012409381119503,main T1,10.49503,20.39586,2.959141408772849,3.731647408494331,shard-0/cells/grid_4000__apxchol_v1_bg_tree_vec_pool_aos__t4.json,main T1,10.49503,20.39586,30.89089,2.959141408772849,3.731647408494331,3.4276397169554644,1.0196078431372548,3.804816965523632
grid_4000,8,0,main,1a782c8d58fb8376909314e9e7e47c0afa7f0a0b,16000000,79984000,1.980644,2.785502,4.766147,51,7.634634e-09,7.634633763e-09,,,3,1,1,clang,22.1.8,llvm-libomp,5b382e168bcff737287aad3ad23de63d0614d6b80a0c04d97d1fbb8659573a61,10.49503,20.39586,main T1,5.298796754994839,7.322148754515343,6.4813128927832055,1.0,0.05461768627450981,7.322148754515344,1.008341090973537,1.0012409381119503,main T1,10.49503,20.39586,5.298796754994839,7.322148754515343,shard-0/cells/grid_4000__apxchol_v1_bg_tree_vec_pool_aos__t8.json,main T1,10.49503,20.39586,30.89089,5.298796754994839,7.322148754515343,6.4813128927832055,1.0,7.322148754515344
grid_4000,16,0,main,1a782c8d58fb8376909314e9e7e47c0afa7f0a0b,16000000,79984000,1.203729,1.576568,2.780297,51,9.349298e-09,9.349297748e-09,,,3,1,3,clang,22.1.8,llvm-libomp,8a5b9caeb6b6dcd4aed1c3ef1d349bfc544d9b026d12e69c1551d216daf42cf1,10.49503,20.39586,main T1,8.718764771804949,12.936873005160576,11.11064393480265,1.0,0.030913098039215686,12.936873005160576,1.008341090973537,1.0012409381119503,main T1,10.49503,20.39586,8.718764771804949,12.936873005160576,shard-0/cells/grid_4000__apxchol_v1_bg_tree_vec_pool_aos__t16.json,main T1,10.49503,20.39586,30.89089,8.718764771804949,12.936873005160576,11.11064393480265,1.0,12.936873005160576
grid_4000,36,0,main,1a782c8d58fb8376909314e9e7e47c0afa7f0a0b,16000000,79984000,0.7869324,0.9764938,1.763426,49,9.843141e-09,9.843141147e-09,,,3,1,3,clang,22.1.8,llvm-libomp,8fb2f117acf38db136d61cc52c8aaf58f6139aebb5df075beebd1969e7f5b4b3,10.49503,20.39586,main T1,13.336634760495311,20.886830003426546,17.517542556364713,0.9607843137254902,0.019928444897959183,20.067738630743154,1.008341090973537,1.0012409381119503,main T1,10.49503,20.39586,13.336634760495311,20.886830003426546,shard-0/cells/grid_4000__apxchol_v1_bg_tree_vec_pool_aos__t36.json,main T1,10.49503,20.39586,30.89089,13.336634760495311,20.886830003426546,17.517542556364713,0.9607843137254902,20.067738630743154
grid_4000,72,0,main,1a782c8d58fb8376909314e9e7e47c0afa7f0a0b,16000000,79984000,0.6835062,0.8907568,1.574263,53,9.461328e-09,9.461327509e-09,,,3,1,3,clang,22.1.8,llvm-libomp,a65a4ae62268887ea792432357e81f4d3ef2238e49910b8a47444d080cb07957,10.49503,20.39586,main T1,15.354696124190243,22.897226268718914,19.622445550711667,1.0392156862745099,0.0168067320754717,23.79515671062946,1.008341090973537,1.0012409381119503,main T1,10.49503,20.39586,15.354696124190243,22.897226268718914,shard-0/cells/grid_4000__apxchol_v1_bg_tree_vec_pool_aos__t72.json,main T1,10.49503,20.39586,30.89089,15.354696124190243,22.897226268718914,19.622445550711667,1.0392156862745099,23.79515671062946
grid_500,1,7,main,1a782c8d58fb8376909314e9e7e47c0afa7f0a0b,250000,1248000,0.1062969,0.1883405,0.2946374,40,8.813212e-09,8.813211981e-09,,,3,1,2,clang,22.1.8,llvm-libomp,487857d7ed38c01fcdf379392f3de047b412855e8ebfed179aada3aa9b732116,0.1062969,0.1883405,main T1,1.0,1.0,1.0,1.0,0.0047085124999999995,1.0,1.0011938259723472,0.9876181702820158,main T1,0.1062969,0.1883405,1.0,1.0,shard-7/cells/grid_500__apxchol_v1_bg_tree_vec_pool_aos__t1.json,main T1,0.1062969,0.1883405,0.2946374,1.0,1.0,1.0,1.0,1.0
grid_500,2,7,main,1a782c8d58fb8376909314e9e7e47c0afa7f0a0b,250000,1248000,0.07000084,0.09806369,0.1680645,41,6.638303e-09,6.638302912e-09,,,3,1,3,clang,22.1.8,llvm-libomp,acb8350504e39f99f3e4760d96f17d96128eedabd0f628c6823165967428ad1e,0.1062969,0.1883405,main T1,1.518508920750094,1.9205936468431895,1.7531209743878093,1.025,0.0023917973170731704,1.9686084880142691,1.0011938259723472,0.9876181702820158,main T1,0.1062969,0.1883405,1.518508920750094,1.9205936468431895,shard-7/cells/grid_500__apxchol_v1_bg_tree_vec_pool_aos__t2.json,main T1,0.1062969,0.1883405,0.2946374,1.518508920750094,1.9205936468431895,1.7531209743878093,1.025,1.9686084880142691
grid_500,4,7,main,1a782c8d58fb8376909314e9e7e47c0afa7f0a0b,250000,1248000,0.04126403,0.05000776,0.09127179,40,7.540089e-09,7.540089306e-09,,,3,1,1,clang,22.1.8,llvm-libomp,da0d9971f70627b1bed1c55f6198555e9790076dec7733fdebfad1ee1bc39edc,0.1062969,0.1883405,main T1,2.5760183869583266,3.7662254818052237,3.2281321534287866,1.0,0.001250194,3.766225481805223,1.0011938259723472,0.9876181702820158,main T1,0.1062969,0.1883405,2.5760183869583266,3.7662254818052237,shard-7/cells/grid_500__apxchol_v1_bg_tree_vec_pool_aos__t4.json,main T1,0.1062969,0.1883405,0.2946374,2.5760183869583266,3.7662254818052237,3.2281321534287866,1.0,3.766225481805223
grid_500,8,7,main,1a782c8d58fb8376909314e9e7e47c0afa7f0a0b,250000,1248000,0.02701763,0.03059202,0.05760965,43,6.390478e-09,6.390477902e-09,,,3,1,3,clang,22.1.8,llvm-libomp,2f0f278f6f0705fdff3beabac82dccca1fbc6f4984f1e6a9d7f14f80a7be558c,0.1062969,0.1883405,main T1,3.9343532352763733,6.156523825494361,5.114375803359333,1.075,0.0007114423255813953,6.618263112406438,1.0011938259723472,0.9876181702820158,main T1,0.1062969,0.1883405,3.9343532352763733,6.156523825494361,shard-7/cells/grid_500__apxchol_v1_bg_tree_vec_pool_aos__t8.json,main T1,0.1062969,0.1883405,0.2946374,3.9343532352763733,6.156523825494361,5.114375803359333,1.075,6.618263112406438
grid_500,16,7,main,1a782c8d58fb8376909314e9e7e47c0afa7f0a0b,250000,1248000,0.01920556,0.01751367,0.03671924,40,7.935097e-09,7.935096879e-09,,,3,1,2,clang,22.1.8,llvm-libomp,4b187d9bc49f7f52638cf1fa541c00447ef120e59a93f283f58e1eb3c028e47a,0.1062969,0.1883405,main T1,5.5346941198278,10.753913942651655,8.02406041083639,1.0,0.00043784174999999994,10.753913942651655,1.0011938259723472,0.9876181702820158,main T1,0.1062969,0.1883405,5.5346941198278,10.753913942651655,shard-7/cells/grid_500__apxchol_v1_bg_tree_vec_pool_aos__t16.json,main T1,0.1062969,0.1883405,0.2946374,5.5346941198278,10.753913942651655,8.02406041083639,1.0,10.753913942651655
grid_500,36,7,main,1a782c8d58fb8376909314e9e7e47c0afa7f0a0b,250000,1248000,0.01623528,0.01223565,0.02847093,42,8.300801e-09,8.300800994e-09,,,3,1,2,clang,22.1.8,llvm-libomp,4dc9fee95c95120dc5ec359d79ecfd098b150ad06a23e04ad13c485fab10e827,0.1062969,0.1883405,main T1,6.547278519372625,15.392766220021002,10.348710070236553,1.05,0.000291325,16.16240453102205,1.0011938259723472,0.9876181702820158,main T1,0.1062969,0.1883405,6.547278519372625,15.392766220021002,shard-7/cells/grid_500__apxchol_v1_bg_tree_vec_pool_aos__t36.json,main T1,0.1062969,0.1883405,0.2946374,6.547278519372625,15.392766220021002,10.348710070236553,1.05,16.16240453102205
grid_500,72,7,main,1a782c8d58fb8376909314e9e7e47c0afa7f0a0b,250000,1248000,0.01609161,0.01029394,0.02638555,39,7.733252e-09,7.733252281e-09,,,3,1,2,clang,22.1.8,llvm-libomp,dbe9e132e716b17dbd0408f51374e4ba48acb1971f0d4eea8a256fc1532cff99,0.1062969,0.1883405,main T1,6.605734292590984,18.29625002671475,11.166619608080937,0.975,0.00026394717948717946,17.83884377604688,1.0011938259723472,0.9876181702820158,main T1,0.1062969,0.1883405,6.605734292590984,18.29625002671475,shard-7/cells/grid_500__apxchol_v1_bg_tree_vec_pool_aos__t72.json,main T1,0.1062969,0.1883405,0.2946374,6.605734292590984,18.29625002671475,11.166619608080937,0.975,17.83884377604688
iter0040,1,7,main,1a782c8d58fb8376909314e9e7e47c0afa7f0a0b,524288,7867398,1.322109,0.9208686,2.242978,44,8.220831e-09,8.220830788e-09,,,3,1,2,clang,22.1.8,llvm-libomp,83e75568a0f82349c9d9887adecb8d75433093208a50e0e3944fe887979416e7,1.322109,0.9208686,main T1,1.0,1.0,1.0,1.0,0.02092883181818182,1.0,1.0000355492625799,0.9987260940377378,main T1,1.322109,0.9208686,1.0,1.0,shard-7/cells/iter0040__apxchol_v1_bg_tree_vec_pool_aos__t1.json,main T1,1.322109,0.9208686,2.242978,1.0,1.0,1.0,1.0,1.0
iter0040,2,7,main,1a782c8d58fb8376909314e9e7e47c0afa7f0a0b,524288,7867398,0.9733401,0.5231559,1.496496,44,9.367525e-09,9.367524622e-09,,,3,1,1,clang,22.1.8,llvm-libomp,dae91bbf7fadc668ef64ee63bcb29cf7ddb362e7add3100335fffb87ce08024f,1.322109,0.9208686,main T1,1.3583217212565268,1.7602183211543634,1.4988199099763713,1.0,0.011889906818181818,1.7602183211543636,1.0000355492625799,0.9987260940377378,main T1,1.322109,0.9208686,1.3583217212565268,1.7602183211543634,shard-7/cells/iter0040__apxchol_v1_bg_tree_vec_pool_aos__t2.json,main T1,1.322109,0.9208686,2.242978,1.3583217212565268,1.7602183211543634,1.4988199099763713,1.0,1.7602183211543636
iter0040,4,7,main,1a782c8d58fb8376909314e9e7e47c0afa7f0a0b,524288,7867398,0.5817129,0.3123606,0.8940736,44,7.620501e-09,7.620501325e-09,,,3,1,1,clang,22.1.8,llvm-libomp,6376a069c0b3d033d14f96330ac1a1278d7e474a22d6a9f81ab014b14d856318,1.322109,0.9208686,main T1,2.2727861114993324,2.9480946060418636,2.5087174031310173,1.0,0.007099104545454545,2.948094606041863,1.0000355492625799,0.9987260940377378,main T1,1.322109,0.9208686,2.2727861114993324,2.9480946060418636,shard-7/cells/iter0040__apxchol_v1_bg_tree_vec_pool_aos__t4.json,main T1,1.322109,0.9208686,2.242978,2.2727861114993324,2.9480946060418636,2.5087174031310173,1.0,2.948094606041863
iter0040,8,7,main,1a782c8d58fb8376909314e9e7e47c0afa7f0a0b,524288,7867398,0.3915904,0.2159821,0.6075725,46,8.683167e-09,8.683167018e-09,,,3,1,2,clang,22.1.8,llvm-libomp,06f98d2cdb762b2a176a0fe8958aac742cfb78afa7a2e88b9a4b53748b16eb30,1.322109,0.9208686,main T1,3.376254882652894,4.263633884474686,3.6917042822050044,1.0454545454545454,0.004695263043478261,4.4574354246780805,1.0000355492625799,0.9987260940377378,main T1,1.322109,0.9208686,3.376254882652894,4.263633884474686,shard-7/cells/iter0040__apxchol_v1_bg_tree_vec_pool_aos__t8.json,main T1,1.322109,0.9208686,2.242978,3.376254882652894,4.263633884474686,3.6917042822050044,1.0454545454545454,4.4574354246780805
iter0040,16,7,main,1a782c8d58fb8376909314e9e7e47c0afa7f0a0b,524288,7867398,0.292604,0.1505839,0.443188,43,7.639647e-09,7.639647046e-09,,,3,1,1,clang,22.1.8,llvm-libomp,f7349e1a04cd4da536d5f9f60f651326758fede948f196e74d2aab396cfeb7d6,1.322109,0.9208686,main T1,4.518424218397562,6.1153191011788115,5.06100796952986,0.9772727272727273,0.0035019511627906977,5.976334576152021,1.0000355492625799,0.9987260940377378,main T1,1.322109,0.9208686,4.518424218397562,6.1153191011788115,shard-7/cells/iter0040__apxchol_v1_bg_tree_vec_pool_aos__t16.json,main T1,1.322109,0.9208686,2.242978,4.518424218397562,6.1153191011788115,5.06100796952986,0.9772727272727273,5.976334576152021
iter0040,36,7,main,1a782c8d58fb8376909314e9e7e47c0afa7f0a0b,524288,7867398,0.2389674,0.1246246,0.363592,43,6.782539e-09,6.782538884e-09,,,3,1,3,clang,22.1.8,llvm-libomp,4f42266541602659a638a5e78394593b63e84e40cd967b3c6e48ab45c90f64c5,1.322109,0.9208686,main T1,5.532591474820415,7.389139864842094,6.168942110937533,0.9772727272727273,0.002898246511627907,7.221204867913865,1.0000355492625799,0.9987260940377378,main T1,1.322109,0.9208686,5.532591474820415,7.389139864842094,shard-7/cells/iter0040__apxchol_v1_bg_tree_vec_pool_aos__t36.json,main T1,1.322109,0.9208686,2.242978,5.532591474820415,7.389139864842094,6.168942110937533,0.9772727272727273,7.221204867913865
iter0040,72,7,main,1a782c8d58fb8376909314e9e7e47c0afa7f0a0b,524288,7867398,0.2114393,0.1202052,0.3316445,46,8.549985e-09,8.549984668e-09,,,3,1,2,clang,22.1.8,llvm-libomp,6e70f1c885e5e27dd9673abdcd09983dbf537bfde69727c1be304531ad7362e7,1.322109,0.9208686,main T1,6.252900950769322,7.660805023409969,6.763199751541183,1.0454545454545454,0.0026131565217391304,8.009023433564968,1.0000355492625799,0.9987260940377378,main T1,1.322109,0.9208686,6.252900950769322,7.660805023409969,shard-7/cells/iter0040__apxchol_v1_bg_tree_vec_pool_aos__t72.json,main T1,1.322109,0.9208686,2.242978,6.252900950769322,7.660805023409969,6.763199751541183,1.0454545454545454,8.009023433564968
