matrix,family,label,solver,config,threads,device,status,setup_s,solve_s,total_s,iters,rel_res,git_sha,repeat,compiler,compiler_version,openmp_runtime,baseline_kind,baseline_setup_s,baseline_solve_s,baseline_total_s,baseline_cell_sha256,baseline_node_rank,source_cell_sha256,binary_sha256,job_id,preparation_s,solve_backend,effective_solve_threads,timeout_cap_s,timeout_scope,source_kind,setup_ratio_valid,solve_ratio_valid,total_ratio_valid
as-Skitter,suitesparse,AMGCL,amgcl,,1,cpu,complete,2.512583,56.77259,59.28518,270,9.830491e-09,ea01e2ff32b171d94ae8c048436df98203a0fc67,3,clang,22.1.8,llvm-libomp,main T1,2.512583,56.77259,59.28518,,,eeb12bd71408b609d099332095fc6537c19de281628e0b07a4a92be150fc31f9,5942a0926b4d1a67dcd8fd6985633b0f834f734ee4a6c1285fb88db959bac8c7,4619591,,,,,logical_cell,,,,
as-Skitter,suitesparse,AMGCL,amgcl,,16,cpu,complete,1.024695,8.575339,9.600034,270,9.830491e-09,ea01e2ff32b171d94ae8c048436df98203a0fc67,3,clang,22.1.8,llvm-libomp,main T1,2.512583,56.77259,59.28518,,,7236d751c5f73aa0e7d99a9eb8bca43011307375af47dfde9c1cc30a812b1360,5942a0926b4d1a67dcd8fd6985633b0f834f734ee4a6c1285fb88db959bac8c7,4619591,,,,,logical_cell,,,,
as-Skitter,suitesparse,AMGCL,amgcl,,2,cpu,complete,1.925156,36.39737,38.32253,270,9.830491e-09,ea01e2ff32b171d94ae8c048436df98203a0fc67,3,clang,22.1.8,llvm-libomp,main T1,2.512583,56.77259,59.28518,,,06a873d957ad156f3b6a8e1f94ca7fa8e2ce27b900cbcffeedc93ebc0856df6c,5942a0926b4d1a67dcd8fd6985633b0f834f734ee4a6c1285fb88db959bac8c7,4619591,,,,,logical_cell,,,,
as-Skitter,suitesparse,AMGCL,amgcl,,36,cpu,complete,1.912034,5.97561,7.887644,270,9.830486e-09,ea01e2ff32b171d94ae8c048436df98203a0fc67,3,clang,22.1.8,llvm-libomp,main T1,2.512583,56.77259,59.28518,,,4b990bcd137b10ba77d12eab616d6e159a3b09c25b088e5b269e2344d6be99a2,5942a0926b4d1a67dcd8fd6985633b0f834f734ee4a6c1285fb88db959bac8c7,4619591,,,,,logical_cell,,,,
as-Skitter,suitesparse,AMGCL,amgcl,,4,cpu,complete,1.460294,22.40415,23.86445,270,9.830491e-09,ea01e2ff32b171d94ae8c048436df98203a0fc67,3,clang,22.1.8,llvm-libomp,main T1,2.512583,56.77259,59.28518,,,58e9b187b8ed4bb5d3895ac87737b6a1342bec95a19d2dbdc4fc089014bfbbfe,5942a0926b4d1a67dcd8fd6985633b0f834f734ee4a6c1285fb88db959bac8c7,4619591,,,,,logical_cell,,,,
as-Skitter,suitesparse,AMGCL,amgcl,,72,cpu,complete,1.84187,4.906702,6.748572,270,9.830486e-09,ea01e2ff32b171d94ae8c048436df98203a0fc67,3,clang,22.1.8,llvm-libomp,main T1,2.512583,56.77259,59.28518,,,cf7259614128eacbb38f9e48a98cb772a3a0cd7ea2c0aada1738f7f0fd5ea021,5942a0926b4d1a67dcd8fd6985633b0f834f734ee4a6c1285fb88db959bac8c7,4619591,,,,,logical_cell,,,,
as-Skitter,suitesparse,AMGCL,amgcl,,8,cpu,complete,1.17503,13.07622,14.25125,270,9.830491e-09,ea01e2ff32b171d94ae8c048436df98203a0fc67,3,clang,22.1.8,llvm-libomp,main T1,2.512583,56.77259,59.28518,,,7756a2792b46bb10e569e6bcd64484c20a5c6234529c06ab9d84627d73ed63c3,5942a0926b4d1a67dcd8fd6985633b0f834f734ee4a6c1285fb88db959bac8c7,4619591,,,,,logical_cell,,,,
as-Skitter,suitesparse,apxchol trace-cycle,apxchol_v1,bg+trace_cycle[vec_pool_aos],1,cpu,complete,4.601160345,1.563399796,6.164560141,17,4.239266750609437e-09,98b6a4cda51bdaba2c58a6dbb560df43107cf071,3,Clang22.1.8/llvm-libomp,,,main T1,4.601160345,1.563399796,6.164560141,,,43a13e19d99a1675bd62dbd8039c818752e6ebf6aa0f1cf3e2fb3a2724ee4bf5,ab34ea7daa4dcb1f40264c4019944e4590e4c62f32cb8724a8bc5571ad71d82b,4634149,,,,,,current complete-object API measurement,,,
as-Skitter,suitesparse,apxchol trace-cycle,apxchol_v1,bg+trace_cycle[vec_pool_aos],16,cpu,complete,1.047255616,0.291306328,1.3385619439999998,17,3.846797282488646e-09,98b6a4cda51bdaba2c58a6dbb560df43107cf071,3,Clang22.1.8/llvm-libomp,,,main T1,4.601160345,1.563399796,6.164560141,,,d5a3459f5c3d1d6e11c48ac8375be8aa1ec8e0c46e4883aa887c0b6491db3207,ab34ea7daa4dcb1f40264c4019944e4590e4c62f32cb8724a8bc5571ad71d82b,4634149,,,,,,current complete-object API measurement,,,
as-Skitter,suitesparse,apxchol trace-cycle,apxchol_v1,bg+trace_cycle[vec_pool_aos],2,cpu,complete,3.576706484,0.964196654,4.540903138,16,9.384691343200877e-09,98b6a4cda51bdaba2c58a6dbb560df43107cf071,3,Clang22.1.8/llvm-libomp,,,main T1,4.601160345,1.563399796,6.164560141,,,b1d08a9193c98d897285b2216761c008a42f37c326f4b761f6f2eda41a49a4db,ab34ea7daa4dcb1f40264c4019944e4590e4c62f32cb8724a8bc5571ad71d82b,4634149,,,,,,current complete-object API measurement,,,
as-Skitter,suitesparse,apxchol trace-cycle,apxchol_v1,bg+trace_cycle[vec_pool_aos],36,cpu,complete,0.723103645,0.208990767,0.932094412,16,3.2070919298506476e-09,98b6a4cda51bdaba2c58a6dbb560df43107cf071,3,Clang22.1.8/llvm-libomp,,,main T1,4.601160345,1.563399796,6.164560141,,,d246039ce4ddc0ae65c763e144360f7e4940b427b3fad3de1899e1c227176b51,ab34ea7daa4dcb1f40264c4019944e4590e4c62f32cb8724a8bc5571ad71d82b,4634149,,,,,,current complete-object API measurement,,,
as-Skitter,suitesparse,apxchol trace-cycle,apxchol_v1,bg+trace_cycle[vec_pool_aos],4,cpu,complete,2.368069394,0.671871223,3.039940617,18,9.863288789690757e-09,98b6a4cda51bdaba2c58a6dbb560df43107cf071,3,Clang22.1.8/llvm-libomp,,,main T1,4.601160345,1.563399796,6.164560141,,,e0a94203eb0361b1a3fd8f01ea6ad91a6569367e2990772f36f5eb9ff2b94ff5,ab34ea7daa4dcb1f40264c4019944e4590e4c62f32cb8724a8bc5571ad71d82b,4634149,,,,,,current complete-object API measurement,,,
as-Skitter,suitesparse,apxchol trace-cycle,apxchol_v1,bg+trace_cycle[vec_pool_aos],72,cpu,complete,0.57457114,0.174826827,0.7493979669999999,15,7.0527811906801785e-09,98b6a4cda51bdaba2c58a6dbb560df43107cf071,3,Clang22.1.8/llvm-libomp,,,main T1,4.601160345,1.563399796,6.164560141,,,ac532a3a366c4c35a42650d1432c986c2481d26628f19fb9af9857e2d4defea5,ab34ea7daa4dcb1f40264c4019944e4590e4c62f32cb8724a8bc5571ad71d82b,4634149,,,,,,current complete-object API measurement,,,
as-Skitter,suitesparse,apxchol trace-cycle,apxchol_v1,bg+trace_cycle[vec_pool_aos],8,cpu,complete,1.517444214,0.405314088,1.922758302,17,5.268179791996366e-09,98b6a4cda51bdaba2c58a6dbb560df43107cf071,3,Clang22.1.8/llvm-libomp,,,main T1,4.601160345,1.563399796,6.164560141,,,0781de17a86f349bbb51f4d759bb4a441c757560c875f8c534754236ef6f44b1,ab34ea7daa4dcb1f40264c4019944e4590e4c62f32cb8724a8bc5571ad71d82b,4634149,,,,,,current complete-object API measurement,,,
as-Skitter,suitesparse,apxchol bg+tree,apxchol_v1,bg+tree[vec_pool_aos],1,cpu,complete,4.186419152,2.829795373,7.0162145250000005,31,8.633562964393325e-09,98b6a4cda51bdaba2c58a6dbb560df43107cf071,3,Clang22.1.8/llvm-libomp,,,main T1,4.186419152,2.829795373,7.0162145250000005,,,21a2f5fa0e8fa2998eac9d39105daa6d232b0e2912108f9485ea81b79a19dd1b,ab34ea7daa4dcb1f40264c4019944e4590e4c62f32cb8724a8bc5571ad71d82b,4634149,,,,,,current complete-object API measurement,,,
as-Skitter,suitesparse,apxchol bg+tree,apxchol_v1,bg+tree[vec_pool_aos],16,cpu,complete,0.955051547,0.370347234,1.325398781,23,6.985843081514627e-09,98b6a4cda51bdaba2c58a6dbb560df43107cf071,3,Clang22.1.8/llvm-libomp,,,main T1,4.186419152,2.829795373,7.0162145250000005,,,0d8f7a33b5c2803b729f2c0a16653b319b57f61789077c60dc8764dd078b09f8,ab34ea7daa4dcb1f40264c4019944e4590e4c62f32cb8724a8bc5571ad71d82b,4634149,,,,,,current complete-object API measurement,,,
as-Skitter,suitesparse,apxchol bg+tree,apxchol_v1,bg+tree[vec_pool_aos],2,cpu,complete,3.292579715,1.725516798,5.018096513,29,6.55110265597282e-09,98b6a4cda51bdaba2c58a6dbb560df43107cf071,3,Clang22.1.8/llvm-libomp,,,main T1,4.186419152,2.829795373,7.0162145250000005,,,d3700076b3fa040f1601c3e26705a559fc91af486270011035bf6eb9614f9340,ab34ea7daa4dcb1f40264c4019944e4590e4c62f32cb8724a8bc5571ad71d82b,4634149,,,,,,current complete-object API measurement,,,
as-Skitter,suitesparse,apxchol bg+tree,apxchol_v1,bg+tree[vec_pool_aos],36,cpu,complete,0.665411265,0.27286524,0.938276505,22,9.644732653429388e-09,98b6a4cda51bdaba2c58a6dbb560df43107cf071,3,Clang22.1.8/llvm-libomp,,,main T1,4.186419152,2.829795373,7.0162145250000005,,,57e95e13df1500fd9e3ed9bdd3e3581d40026e2ffb42dea2b5a9a0d572325a96,ab34ea7daa4dcb1f40264c4019944e4590e4c62f32cb8724a8bc5571ad71d82b,4634149,,,,,,current complete-object API measurement,,,
as-Skitter,suitesparse,apxchol bg+tree,apxchol_v1,bg+tree[vec_pool_aos],4,cpu,complete,2.150454533,1.018674454,3.1691289869999997,28,6.471402655802721e-09,98b6a4cda51bdaba2c58a6dbb560df43107cf071,3,Clang22.1.8/llvm-libomp,,,main T1,4.186419152,2.829795373,7.0162145250000005,,,5595ad568c4aafc27f239a91c6078d780ce82f91f72296171e508ecf6b942960,ab34ea7daa4dcb1f40264c4019944e4590e4c62f32cb8724a8bc5571ad71d82b,4634149,,,,,,current complete-object API measurement,,,
as-Skitter,suitesparse,apxchol bg+tree,apxchol_v1,bg+tree[vec_pool_aos],72,cpu,complete,0.526276786,0.227801013,0.754077799,21,4.639391447890517e-09,98b6a4cda51bdaba2c58a6dbb560df43107cf071,3,Clang22.1.8/llvm-libomp,,,main T1,4.186419152,2.829795373,7.0162145250000005,,,d20014d56c121d9528d4a8edf21c48f2bfc3fcf075c776167f525ff8fa2771e6,ab34ea7daa4dcb1f40264c4019944e4590e4c62f32cb8724a8bc5571ad71d82b,4634149,,,,,,current complete-object API measurement,,,
as-Skitter,suitesparse,apxchol bg+tree,apxchol_v1,bg+tree[vec_pool_aos],8,cpu,complete,1.391170117,0.579419043,1.9705891599999998,25,5.707376769764786e-09,98b6a4cda51bdaba2c58a6dbb560df43107cf071,3,Clang22.1.8/llvm-libomp,,,main T1,4.186419152,2.829795373,7.0162145250000005,,,8bc151e634dbcf04033b829157706b0769430d0ed7a9af99f0a8fa6c339dfaf3,ab34ea7daa4dcb1f40264c4019944e4590e4c62f32cb8724a8bc5571ad71d82b,4634149,,,,,,current complete-object API measurement,,,
as-Skitter,suitesparse,BoomerAMG,hypre_boomeramg,,1,cpu,complete,245.7513,5.353169,251.1044,20,7.758976e-09,ea01e2ff32b171d94ae8c048436df98203a0fc67,3,clang,22.1.8,llvm-libomp,main T1,245.7513,5.353169,251.1044,,,54ba6bff01d72bd8db8a2b3e2af8fd6fa9a5a4e6518f11fb9b89a5c670ce1afd,5942a0926b4d1a67dcd8fd6985633b0f834f734ee4a6c1285fb88db959bac8c7,4633990,,,,,logical_cell,new completion,,,
as-Skitter,suitesparse,BoomerAMG,hypre_boomeramg,,16,cpu,complete,99.82019,1.890843,101.711,29,8.079367e-09,ea01e2ff32b171d94ae8c048436df98203a0fc67,3,clang,22.1.8,llvm-libomp,main T1,245.7513,5.353169,251.1044,,,e32d8d445527f4d17b0843565d3373479c7606cbf612345acacd2813bc9c25e3,5942a0926b4d1a67dcd8fd6985633b0f834f734ee4a6c1285fb88db959bac8c7,4634085,,,,,logical_cell,new completion,,,
as-Skitter,suitesparse,BoomerAMG,hypre_boomeramg,,2,cpu,complete,218.208,4.712344,222.9203,22,7.372563e-09,ea01e2ff32b171d94ae8c048436df98203a0fc67,3,clang,22.1.8,llvm-libomp,main T1,245.7513,5.353169,251.1044,,,4a89d9747ede3bba0fb5d9dabbfe34c3628d37575b11e6cd1ec2da828f8dc37c,5942a0926b4d1a67dcd8fd6985633b0f834f734ee4a6c1285fb88db959bac8c7,4619591,,,,,logical_cell,prior scaling campaign,,,
as-Skitter,suitesparse,BoomerAMG,hypre_boomeramg,,36,cpu,complete,74.40942,1.319293,75.72872,29,7.912804e-09,ea01e2ff32b171d94ae8c048436df98203a0fc67,3,clang,22.1.8,llvm-libomp,main T1,245.7513,5.353169,251.1044,,,97ce092eabc8020c0553041abab93211bb9d91021bfb9e4c8718443b7ad86ebd,5942a0926b4d1a67dcd8fd6985633b0f834f734ee4a6c1285fb88db959bac8c7,4634140,,,,,logical_cell,new completion,,,
as-Skitter,suitesparse,BoomerAMG,hypre_boomeramg,,4,cpu,complete,206.3263,3.422944,209.7493,23,7.529778e-09,ea01e2ff32b171d94ae8c048436df98203a0fc67,3,clang,22.1.8,llvm-libomp,main T1,245.7513,5.353169,251.1044,,,60ecd2c8e455fce1eeb2385bcbeefc319d522d81ef8b79ba61df5788fee4ecd2,5942a0926b4d1a67dcd8fd6985633b0f834f734ee4a6c1285fb88db959bac8c7,4633991,,,,,logical_cell,new completion,,,
as-Skitter,suitesparse,BoomerAMG,hypre_boomeramg,,72,cpu,complete,68.3802,1.367876,69.74807,29,7.442878e-09,ea01e2ff32b171d94ae8c048436df98203a0fc67,3,clang,22.1.8,llvm-libomp,main T1,245.7513,5.353169,251.1044,,,21d4d745d8d12a3c7f403ca27e4ec177e640ab7d23a0fa6b280a1c7e0303d669,5942a0926b4d1a67dcd8fd6985633b0f834f734ee4a6c1285fb88db959bac8c7,4607426,,,,,logical_cell,historical Daint headline,,,
as-Skitter,suitesparse,BoomerAMG,hypre_boomeramg,,8,cpu,complete,130.6568,2.45466,133.1115,27,5.952222e-09,ea01e2ff32b171d94ae8c048436df98203a0fc67,3,clang,22.1.8,llvm-libomp,main T1,245.7513,5.353169,251.1044,,,2717845c4b16807be3c9e99737a546d72b68c741b8f95ba9b57244c2d9caf0a5,5942a0926b4d1a67dcd8fd6985633b0f834f734ee4a6c1285fb88db959bac8c7,4634071,,,,,logical_cell,new completion,,,
as-Skitter,suitesparse,ParAC Graph,parac,,1,cpu,complete,44.70097608319092,1.553,46.25397608319092,20,1.8955355771172785e-09,1a526f25aec8829e8a9217b558ac2290a3840ae0,3,,,,main T1,44.70097608319092,1.553,46.25397608319092,,,ccd3e457fb432adcead4996a4e8bfe46708815e21f50c07f73b092aafef63f52,94a4cc3e26ca031ffa01df5a4e26fe788d9e60a5b0bc0e4f2cdf58a9912b0bf1,4623922,37.91466808319092,portable-cpp serial reference,1,,,private corrected adapter; base commit alone does not contain implementation,True,True,True
as-Skitter,suitesparse,ParAC Graph,parac,,16,cpu,complete,42.895318083190915,1.544,44.43931808319091,19,1.3131559301372163e-09,1a526f25aec8829e8a9217b558ac2290a3840ae0,3,,,,main T1,44.70097608319092,1.553,46.25397608319092,,,ff8142c892dcc56c84e29f8e041b3fc0f39a9079beea74bcf1c0841f492b2b54,94a4cc3e26ca031ffa01df5a4e26fe788d9e60a5b0bc0e4f2cdf58a9912b0bf1,4624041,37.91466808319092,portable-cpp serial reference,1,,,private corrected adapter; base commit alone does not contain implementation,True,True,True
as-Skitter,suitesparse,ParAC Graph,parac,,2,cpu,complete,43.87648608319091,1.539,45.41548608319091,19,1.8459765613157036e-09,1a526f25aec8829e8a9217b558ac2290a3840ae0,3,,,,main T1,44.70097608319092,1.553,46.25397608319092,,,0ddcb22e6cf2e80f018eb0f5a76ee764f4f878e1d607c6796de1f6590992fcd8,94a4cc3e26ca031ffa01df5a4e26fe788d9e60a5b0bc0e4f2cdf58a9912b0bf1,4624041,37.91466808319092,portable-cpp serial reference,1,,,private corrected adapter; base commit alone does not contain implementation,True,False,True
as-Skitter,suitesparse,ParAC Graph,parac,,36,cpu,complete,42.86322508319092,1.461,44.32422508319092,18,3.2612127834032416e-09,1a526f25aec8829e8a9217b558ac2290a3840ae0,3,,,,main T1,44.70097608319092,1.553,46.25397608319092,,,20aa9e774ab3830f80d4a2c3225e6e6fa1fb0bcc4ab675c1da25a0a375c00e7e,94a4cc3e26ca031ffa01df5a4e26fe788d9e60a5b0bc0e4f2cdf58a9912b0bf1,4624041,37.91466808319092,portable-cpp serial reference,1,,,private corrected adapter; base commit alone does not contain implementation,True,True,True
as-Skitter,suitesparse,ParAC Graph,parac,,4,cpu,complete,43.23939608319092,1.697,44.93639608319092,21,1.089453368630918e-09,1a526f25aec8829e8a9217b558ac2290a3840ae0,3,,,,main T1,44.70097608319092,1.553,46.25397608319092,,,c9457f9e5142ed89ed4109865a321aad08fc8a89c80dfb03587d5d66c4669a59,94a4cc3e26ca031ffa01df5a4e26fe788d9e60a5b0bc0e4f2cdf58a9912b0bf1,4624041,37.91466808319092,portable-cpp serial reference,1,,,private corrected adapter; base commit alone does not contain implementation,True,True,True
as-Skitter,suitesparse,ParAC Graph,parac,,72,cpu,complete,42.72761408319092,1.557,44.284614083190924,20,1.1349357217248988e-09,1a526f25aec8829e8a9217b558ac2290a3840ae0,3,,,,main T1,44.70097608319092,1.553,46.25397608319092,,,e37b37d63208f25d59c9855616ac36182e9f9c40bbfdde161d1072f3d862446a,94a4cc3e26ca031ffa01df5a4e26fe788d9e60a5b0bc0e4f2cdf58a9912b0bf1,4623922,37.91466808319092,portable-cpp serial reference,1,,,private corrected adapter; base commit alone does not contain implementation,True,True,True
as-Skitter,suitesparse,ParAC Graph,parac,,8,cpu,complete,42.98961408319092,1.54,44.52961408319092,19,3.7098540528809584e-09,1a526f25aec8829e8a9217b558ac2290a3840ae0,3,,,,main T1,44.70097608319092,1.553,46.25397608319092,,,b088d27318b44334a27ccc1ed144acb800e6b428e807e5610c6328b154466ef3,94a4cc3e26ca031ffa01df5a4e26fe788d9e60a5b0bc0e4f2cdf58a9912b0bf1,4624041,37.91466808319092,portable-cpp serial reference,1,,,private corrected adapter; base commit alone does not contain implementation,True,True,True
grid_2000,grids,AMGCL,amgcl,,1,cpu,complete,0.8407774,1.878509,2.719286,13,9.376208e-09,ea01e2ff32b171d94ae8c048436df98203a0fc67,3,clang,22.1.8,llvm-libomp,main T1,0.8407774,1.878509,2.719286,,,2ae55fd9fda51c3c6eadff261eb75f3cae659fbfd5d9b6784a8213d0fd308364,5942a0926b4d1a67dcd8fd6985633b0f834f734ee4a6c1285fb88db959bac8c7,4619591,,,,,logical_cell,,,,
grid_2000,grids,AMGCL,amgcl,,16,cpu,complete,0.314204,0.1536316,0.4678356,13,9.376208e-09,ea01e2ff32b171d94ae8c048436df98203a0fc67,3,clang,22.1.8,llvm-libomp,main T1,0.8407774,1.878509,2.719286,,,8cde52c560cb628eaa863a4da6cd974aa6fba1dc1b6a690f98518067c4ac8445,5942a0926b4d1a67dcd8fd6985633b0f834f734ee4a6c1285fb88db959bac8c7,4619591,,,,,logical_cell,,,,
grid_2000,grids,AMGCL,amgcl,,2,cpu,complete,0.5496593,0.9483595,1.498019,13,9.376208e-09,ea01e2ff32b171d94ae8c048436df98203a0fc67,3,clang,22.1.8,llvm-libomp,main T1,0.8407774,1.878509,2.719286,,,19f6303752112c300c1d556af68378e2a6f68cb0e2afdc6b86f082c65e8b6d67,5942a0926b4d1a67dcd8fd6985633b0f834f734ee4a6c1285fb88db959bac8c7,4619591,,,,,logical_cell,,,,
grid_2000,grids,AMGCL,amgcl,,36,cpu,complete,0.3053999,0.1104642,0.4158641,13,9.376208e-09,ea01e2ff32b171d94ae8c048436df98203a0fc67,3,clang,22.1.8,llvm-libomp,main T1,0.8407774,1.878509,2.719286,,,e6897e92c19351b51416fb9ec8fa257cfd324211afa603375f97b409ed94bb21,5942a0926b4d1a67dcd8fd6985633b0f834f734ee4a6c1285fb88db959bac8c7,4619591,,,,,logical_cell,,,,
grid_2000,grids,AMGCL,amgcl,,4,cpu,complete,0.4099331,0.487228,0.8971611,13,9.376208e-09,ea01e2ff32b171d94ae8c048436df98203a0fc67,3,clang,22.1.8,llvm-libomp,main T1,0.8407774,1.878509,2.719286,,,a14eadc1a964d55c78a1c00461c55e3900a325399d1f475ec45296c60c2d67e6,5942a0926b4d1a67dcd8fd6985633b0f834f734ee4a6c1285fb88db959bac8c7,4619591,,,,,logical_cell,,,,
grid_2000,grids,AMGCL,amgcl,,72,cpu,complete,0.3050729,0.1030765,0.4081494,13,9.376208e-09,ea01e2ff32b171d94ae8c048436df98203a0fc67,3,clang,22.1.8,llvm-libomp,main T1,0.8407774,1.878509,2.719286,,,e924321ef49639bafce0c6382ec3e2cc2c24995f69a5a228cbb50a600d83430d,5942a0926b4d1a67dcd8fd6985633b0f834f734ee4a6c1285fb88db959bac8c7,4619591,,,,,logical_cell,,,,
grid_2000,grids,AMGCL,amgcl,,8,cpu,complete,0.3445876,0.259386,0.6039735,13,9.376208e-09,ea01e2ff32b171d94ae8c048436df98203a0fc67,3,clang,22.1.8,llvm-libomp,main T1,0.8407774,1.878509,2.719286,,,e9fbc046283d971f3ad369c74353f24fdc5a8c73a2d529c6fcab3beb5875dd28,5942a0926b4d1a67dcd8fd6985633b0f834f734ee4a6c1285fb88db959bac8c7,4619591,,,,,logical_cell,,,,
grid_2000,grids,apxchol trace-cycle,apxchol_v1,bg+trace_cycle[vec_pool_aos],1,cpu,complete,3.58143673,2.50291049,6.08434722,28,8.176770478453185e-09,98b6a4cda51bdaba2c58a6dbb560df43107cf071,3,Clang22.1.8/llvm-libomp,,,main T1,3.58143673,2.50291049,6.08434722,,,e435ca6f7d770e2e522ed92c9226307de8891b80e8ecc1f50ee72c97516bab01,ab34ea7daa4dcb1f40264c4019944e4590e4c62f32cb8724a8bc5571ad71d82b,4634149,,,,,,current complete-object API measurement,,,
grid_2000,grids,apxchol trace-cycle,apxchol_v1,bg+trace_cycle[vec_pool_aos],16,cpu,complete,0.426794668,0.204499839,0.631294507,29,6.1467376533253615e-09,98b6a4cda51bdaba2c58a6dbb560df43107cf071,3,Clang22.1.8/llvm-libomp,,,main T1,3.58143673,2.50291049,6.08434722,,,202e64b92bb929e601b9db90b62f6f59527a64a2e04e888e66e3a07ee9ddaed7,ab34ea7daa4dcb1f40264c4019944e4590e4c62f32cb8724a8bc5571ad71d82b,4634149,,,,,,current complete-object API measurement,,,
grid_2000,grids,apxchol trace-cycle,apxchol_v1,bg+trace_cycle[vec_pool_aos],2,cpu,complete,2.319634369,1.261909862,3.581544231,28,6.119625416622149e-09,98b6a4cda51bdaba2c58a6dbb560df43107cf071,3,Clang22.1.8/llvm-libomp,,,main T1,3.58143673,2.50291049,6.08434722,,,52e6c5964ebd4311e223586bc2d1991393af96f54ff81c1214ce5216f9ea2fa4,ab34ea7daa4dcb1f40264c4019944e4590e4c62f32cb8724a8bc5571ad71d82b,4634149,,,,,,current complete-object API measurement,,,
grid_2000,grids,apxchol trace-cycle,apxchol_v1,bg+trace_cycle[vec_pool_aos],36,cpu,complete,0.279025517,0.125504272,0.40452978900000003,28,8.31394303591617e-09,98b6a4cda51bdaba2c58a6dbb560df43107cf071,3,Clang22.1.8/llvm-libomp,,,main T1,3.58143673,2.50291049,6.08434722,,,be3186aa5ad5a13d79f70b107a091cbc6ee43d0b65e1a6f51f403035a7fe6d6b,ab34ea7daa4dcb1f40264c4019944e4590e4c62f32cb8724a8bc5571ad71d82b,4634149,,,,,,current complete-object API measurement,,,
grid_2000,grids,apxchol trace-cycle,apxchol_v1,bg+trace_cycle[vec_pool_aos],4,cpu,complete,1.263101888,0.641747045,1.904848933,28,9.254122700842974e-09,98b6a4cda51bdaba2c58a6dbb560df43107cf071,3,Clang22.1.8/llvm-libomp,,,main T1,3.58143673,2.50291049,6.08434722,,,cff2fef491069b2a36bc1d341f8ee32b12dae72d83a3d13ab4a7c2fdc2cdc590,ab34ea7daa4dcb1f40264c4019944e4590e4c62f32cb8724a8bc5571ad71d82b,4634149,,,,,,current complete-object API measurement,,,
grid_2000,grids,apxchol trace-cycle,apxchol_v1,bg+trace_cycle[vec_pool_aos],72,cpu,complete,0.233590372,0.112995125,0.34658549699999996,28,9.92096031990116e-09,98b6a4cda51bdaba2c58a6dbb560df43107cf071,3,Clang22.1.8/llvm-libomp,,,main T1,3.58143673,2.50291049,6.08434722,,,31c171593765cbc2923a30b60cb5ba0b87af24dcae613c0dbe7cec3b58e1c502,ab34ea7daa4dcb1f40264c4019944e4590e4c62f32cb8724a8bc5571ad71d82b,4634149,,,,,,current complete-object API measurement,,,
grid_2000,grids,apxchol trace-cycle,apxchol_v1,bg+trace_cycle[vec_pool_aos],8,cpu,complete,0.700847056,0.338360947,1.039208003,28,8.17563556618089e-09,98b6a4cda51bdaba2c58a6dbb560df43107cf071,3,Clang22.1.8/llvm-libomp,,,main T1,3.58143673,2.50291049,6.08434722,,,e04ec34d16becfdc5b60060d876103d47cb2554a22326dec052f744196163910,ab34ea7daa4dcb1f40264c4019944e4590e4c62f32cb8724a8bc5571ad71d82b,4634149,,,,,,current complete-object API measurement,,,
grid_2000,grids,apxchol bg+tree,apxchol_v1,bg+tree[vec_pool_aos],1,cpu,complete,2.374280484,3.898297356,6.27257784,49,7.812363067341363e-09,98b6a4cda51bdaba2c58a6dbb560df43107cf071,3,Clang22.1.8/llvm-libomp,,,main T1,2.374280484,3.898297356,6.27257784,,,4a91e1c4819432bfc00be78fbf689126ad226216ee4669d91f33aea842235cda,ab34ea7daa4dcb1f40264c4019944e4590e4c62f32cb8724a8bc5571ad71d82b,4634149,,,,,,current complete-object API measurement,,,
grid_2000,grids,apxchol bg+tree,apxchol_v1,bg+tree[vec_pool_aos],16,cpu,complete,0.297340692,0.289476706,0.586817398,47,7.45076170756293e-09,98b6a4cda51bdaba2c58a6dbb560df43107cf071,3,Clang22.1.8/llvm-libomp,,,main T1,2.374280484,3.898297356,6.27257784,,,339385c4953c6e1702110d94bab37035cfd2e1f05a6b9a48790d42eb1fa22565,ab34ea7daa4dcb1f40264c4019944e4590e4c62f32cb8724a8bc5571ad71d82b,4634149,,,,,,current complete-object API measurement,,,
grid_2000,grids,apxchol bg+tree,apxchol_v1,bg+tree[vec_pool_aos],2,cpu,complete,1.444783519,1.945358159,3.390141678,48,7.000423660371218e-09,98b6a4cda51bdaba2c58a6dbb560df43107cf071,3,Clang22.1.8/llvm-libomp,,,main T1,2.374280484,3.898297356,6.27257784,,,5bf219edc1d04a94a8c201b1e9410fbc00b1e184540b1663c5f0f4503d5ff65a,ab34ea7daa4dcb1f40264c4019944e4590e4c62f32cb8724a8bc5571ad71d82b,4634149,,,,,,current complete-object API measurement,,,
grid_2000,grids,apxchol bg+tree,apxchol_v1,bg+tree[vec_pool_aos],36,cpu,complete,0.199675036,0.187764468,0.387439504,47,7.500294628020221e-09,98b6a4cda51bdaba2c58a6dbb560df43107cf071,3,Clang22.1.8/llvm-libomp,,,main T1,2.374280484,3.898297356,6.27257784,,,a8ed8049cab13ba37c9d5a62656ea6701727fc6ae8c2188c70ea06843ae877bd,ab34ea7daa4dcb1f40264c4019944e4590e4c62f32cb8724a8bc5571ad71d82b,4634149,,,,,,current complete-object API measurement,,,
grid_2000,grids,apxchol bg+tree,apxchol_v1,bg+tree[vec_pool_aos],4,cpu,complete,0.82008284,1.002858611,1.822941451,49,9.640043292732414e-09,98b6a4cda51bdaba2c58a6dbb560df43107cf071,3,Clang22.1.8/llvm-libomp,,,main T1,2.374280484,3.898297356,6.27257784,,,5380dfdeefd9491cb19aa055ec2e9166140a7a0120d85a6852bd2e1a2dac52cc,ab34ea7daa4dcb1f40264c4019944e4590e4c62f32cb8724a8bc5571ad71d82b,4634149,,,,,,current complete-object API measurement,,,
grid_2000,grids,apxchol bg+tree,apxchol_v1,bg+tree[vec_pool_aos],72,cpu,complete,0.173986816,0.170769747,0.344756563,47,7.608704592759953e-09,98b6a4cda51bdaba2c58a6dbb560df43107cf071,3,Clang22.1.8/llvm-libomp,,,main T1,2.374280484,3.898297356,6.27257784,,,d1aec3142e8090b2af0d3cc95b1628fbeb1b027ab29171b5e310717e317b826c,ab34ea7daa4dcb1f40264c4019944e4590e4c62f32cb8724a8bc5571ad71d82b,4634149,,,,,,current complete-object API measurement,,,
grid_2000,grids,apxchol bg+tree,apxchol_v1,bg+tree[vec_pool_aos],8,cpu,complete,0.467135246,0.488209702,0.955344948,46,9.238289839289171e-09,98b6a4cda51bdaba2c58a6dbb560df43107cf071,3,Clang22.1.8/llvm-libomp,,,main T1,2.374280484,3.898297356,6.27257784,,,465e81bf9f6b7e13979e2e581930ab95b2be7840a5276afd21f6cacd3e3a30ed,ab34ea7daa4dcb1f40264c4019944e4590e4c62f32cb8724a8bc5571ad71d82b,4634149,,,,,,current complete-object API measurement,,,
grid_2000,grids,BoomerAMG,hypre_boomeramg,,1,cpu,complete,2.94406,1.654985,4.599045,7,1.724118e-09,ea01e2ff32b171d94ae8c048436df98203a0fc67,3,clang,22.1.8,llvm-libomp,main T1,2.94406,1.654985,4.599045,,,3ce66079cb7a673244cab611b81a0147b42e4c950c4c754d98df8aff6ea61f09,5942a0926b4d1a67dcd8fd6985633b0f834f734ee4a6c1285fb88db959bac8c7,4619591,,,,,logical_cell,,,,
grid_2000,grids,BoomerAMG,hypre_boomeramg,,16,cpu,complete,1.563042,0.2053097,1.768352,8,2.975198e-09,ea01e2ff32b171d94ae8c048436df98203a0fc67,3,clang,22.1.8,llvm-libomp,main T1,2.94406,1.654985,4.599045,,,777f501fe2d329ed0bc9e09e4a0dc33b4fafe3ba67f90a1f05e286c821801142,5942a0926b4d1a67dcd8fd6985633b0f834f734ee4a6c1285fb88db959bac8c7,4619591,,,,,logical_cell,,,,
grid_2000,grids,BoomerAMG,hypre_boomeramg,,2,cpu,complete,2.34292,0.8667527,3.209673,7,3.097085e-09,ea01e2ff32b171d94ae8c048436df98203a0fc67,3,clang,22.1.8,llvm-libomp,main T1,2.94406,1.654985,4.599045,,,f6ba956f6662e73b5e399851d8329c405740855561696e5e8ac1403dcf17f3ee,5942a0926b4d1a67dcd8fd6985633b0f834f734ee4a6c1285fb88db959bac8c7,4619591,,,,,logical_cell,,,,
grid_2000,grids,BoomerAMG,hypre_boomeramg,,36,cpu,complete,1.510259,0.1494837,1.659742,8,4.601121e-09,ea01e2ff32b171d94ae8c048436df98203a0fc67,3,clang,22.1.8,llvm-libomp,main T1,2.94406,1.654985,4.599045,,,0779c7a112d695ddad03f7644f9c37c364796b7e04d83ca1c025704757adf43e,5942a0926b4d1a67dcd8fd6985633b0f834f734ee4a6c1285fb88db959bac8c7,4619591,,,,,logical_cell,,,,
grid_2000,grids,BoomerAMG,hypre_boomeramg,,4,cpu,complete,1.923089,0.4561008,2.379189,7,3.521318e-09,ea01e2ff32b171d94ae8c048436df98203a0fc67,3,clang,22.1.8,llvm-libomp,main T1,2.94406,1.654985,4.599045,,,c8960b7efb6c2652aba63c0593be398a67783620ba6a485178f95b0267e16b40,5942a0926b4d1a67dcd8fd6985633b0f834f734ee4a6c1285fb88db959bac8c7,4619591,,,,,logical_cell,,,,
grid_2000,grids,BoomerAMG,hypre_boomeramg,,72,cpu,complete,1.595725,0.4099193,2.005644,8,6.295678e-09,ea01e2ff32b171d94ae8c048436df98203a0fc67,3,clang,22.1.8,llvm-libomp,main T1,2.94406,1.654985,4.599045,,,df96b366f01c2c22beeb0adf51179a0b0896480ad4573147e7aa4055f5b202c3,5942a0926b4d1a67dcd8fd6985633b0f834f734ee4a6c1285fb88db959bac8c7,4619591,,,,,logical_cell,,,,
grid_2000,grids,BoomerAMG,hypre_boomeramg,,8,cpu,complete,1.664724,0.2593728,1.924097,7,6.650498e-09,ea01e2ff32b171d94ae8c048436df98203a0fc67,3,clang,22.1.8,llvm-libomp,main T1,2.94406,1.654985,4.599045,,,14604e0bd7bdec7665f25be852329e669ed862739f9a0924619f3f52713322e1,5942a0926b4d1a67dcd8fd6985633b0f834f734ee4a6c1285fb88db959bac8c7,4619591,,,,,logical_cell,,,,
grid_2000,grids,ParAC Graph,parac,,1,cpu,complete,9.463931876953126,3.932,13.395931876953126,54,4.319443846446925e-09,1a526f25aec8829e8a9217b558ac2290a3840ae0,3,,,,main T1,9.463931876953126,3.932,13.395931876953126,,,98c1c66342af16ab92439e0ef0ad72a58c012873a45b118e07f1d227bfdb3f00,94a4cc3e26ca031ffa01df5a4e26fe788d9e60a5b0bc0e4f2cdf58a9912b0bf1,4623922,4.726348876953125,portable-cpp serial reference,1,,,private corrected adapter; base commit alone does not contain implementation,True,True,True
grid_2000,grids,ParAC Graph,parac,,16,cpu,complete,8.621452876953125,4.184,12.805452876953126,55,5.124622404624828e-09,1a526f25aec8829e8a9217b558ac2290a3840ae0,3,,,,main T1,9.463931876953126,3.932,13.395931876953126,,,7dd0d078e1c50bb91d2c09668403a0c8aae377d84987c72074394796b9bd21a5,94a4cc3e26ca031ffa01df5a4e26fe788d9e60a5b0bc0e4f2cdf58a9912b0bf1,4624041,4.726348876953125,portable-cpp serial reference,1,,,private corrected adapter; base commit alone does not contain implementation,True,True,True
grid_2000,grids,ParAC Graph,parac,,2,cpu,complete,9.315975876953125,4.175,13.490975876953126,55,4.587023865125621e-09,1a526f25aec8829e8a9217b558ac2290a3840ae0,3,,,,main T1,9.463931876953126,3.932,13.395931876953126,,,e2508f1b90be616592e3c8b242bb010d6c84b889fdc644a9aff279790721d716,94a4cc3e26ca031ffa01df5a4e26fe788d9e60a5b0bc0e4f2cdf58a9912b0bf1,4624041,4.726348876953125,portable-cpp serial reference,1,,,private corrected adapter; base commit alone does not contain implementation,True,True,True
grid_2000,grids,ParAC Graph,parac,,36,cpu,complete,8.552875876953125,4.006,12.558875876953126,53,3.885282018611977e-09,1a526f25aec8829e8a9217b558ac2290a3840ae0,3,,,,main T1,9.463931876953126,3.932,13.395931876953126,,,5d9410ac775664017ec1d257fc84273da854447b1b8027d78eb1ee23d1976c07,94a4cc3e26ca031ffa01df5a4e26fe788d9e60a5b0bc0e4f2cdf58a9912b0bf1,4624041,4.726348876953125,portable-cpp serial reference,1,,,private corrected adapter; base commit alone does not contain implementation,True,True,True
grid_2000,grids,ParAC Graph,parac,,4,cpu,complete,8.580986876953125,4.088,12.668986876953124,54,4.26997998505684e-09,1a526f25aec8829e8a9217b558ac2290a3840ae0,3,,,,main T1,9.463931876953126,3.932,13.395931876953126,,,41cd5d6168c07771940d670b0ebe253a9c59071b8f9ca87af23814631debe4fb,94a4cc3e26ca031ffa01df5a4e26fe788d9e60a5b0bc0e4f2cdf58a9912b0bf1,4624041,4.726348876953125,portable-cpp serial reference,1,,,private corrected adapter; base commit alone does not contain implementation,True,True,True
grid_2000,grids,ParAC Graph,parac,,72,cpu,complete,8.511142876953125,3.904,12.415142876953125,54,4.16654636842987e-09,1a526f25aec8829e8a9217b558ac2290a3840ae0,3,,,,main T1,9.463931876953126,3.932,13.395931876953126,,,f9dbde6605917e668a04a51163b160264b82467dfb82d0c9072b4167cbeeda23,94a4cc3e26ca031ffa01df5a4e26fe788d9e60a5b0bc0e4f2cdf58a9912b0bf1,4623922,4.726348876953125,portable-cpp serial reference,1,,,private corrected adapter; base commit alone does not contain implementation,True,True,True
grid_2000,grids,ParAC Graph,parac,,8,cpu,complete,8.339316876953124,4.108,12.447316876953124,54,4.19202484225053e-09,1a526f25aec8829e8a9217b558ac2290a3840ae0,3,,,,main T1,9.463931876953126,3.932,13.395931876953126,,,72f7a1ca408bf8b58e1d8931e0b861b152d337620f8bd59b5cee912d56b4d214,94a4cc3e26ca031ffa01df5a4e26fe788d9e60a5b0bc0e4f2cdf58a9912b0bf1,4624041,4.726348876953125,portable-cpp serial reference,1,,,private corrected adapter; base commit alone does not contain implementation,True,True,True
iter0040,ipm,AMGCL,amgcl,,1,cpu,complete,9.368824,0.9497286,10.31855,19,7.00286e-09,ea01e2ff32b171d94ae8c048436df98203a0fc67,3,clang,22.1.8,llvm-libomp,main T1,9.368824,0.9497286,10.31855,,,f4ba4040795ddb473554db2cc11fd382c9f376c327d9be2f50e33dc9991168bc,5942a0926b4d1a67dcd8fd6985633b0f834f734ee4a6c1285fb88db959bac8c7,4619591,,,,,logical_cell,,,,
iter0040,ipm,AMGCL,amgcl,,16,cpu,complete,8.899442,0.2485792,9.148021,19,7.00286e-09,ea01e2ff32b171d94ae8c048436df98203a0fc67,3,clang,22.1.8,llvm-libomp,main T1,9.368824,0.9497286,10.31855,,,b82c29ee0ec81e490f7c39d9781d5724c958b9ffc5632c466d552f2e07813b62,5942a0926b4d1a67dcd8fd6985633b0f834f734ee4a6c1285fb88db959bac8c7,4619591,,,,,logical_cell,,,,
iter0040,ipm,AMGCL,amgcl,,2,cpu,complete,9.056156,0.5644741,9.62063,19,7.00286e-09,ea01e2ff32b171d94ae8c048436df98203a0fc67,3,clang,22.1.8,llvm-libomp,main T1,9.368824,0.9497286,10.31855,,,0fe793edb15baa6c5a70b24cf2116190ea77a2f9fcb7d44a8cddc1b42d4bb2cb,5942a0926b4d1a67dcd8fd6985633b0f834f734ee4a6c1285fb88db959bac8c7,4619591,,,,,logical_cell,,,,
iter0040,ipm,AMGCL,amgcl,,36,cpu,complete,7.700017,0.2259843,7.926002,19,7.00286e-09,ea01e2ff32b171d94ae8c048436df98203a0fc67,3,clang,22.1.8,llvm-libomp,main T1,9.368824,0.9497286,10.31855,,,53c318f8eb678315b0cd64172028e58ef41f17beb84fd64831a1dc4d4776858f,5942a0926b4d1a67dcd8fd6985633b0f834f734ee4a6c1285fb88db959bac8c7,4619591,,,,,logical_cell,,,,
iter0040,ipm,AMGCL,amgcl,,4,cpu,complete,8.954136,0.3832942,9.337431,19,7.00286e-09,ea01e2ff32b171d94ae8c048436df98203a0fc67,3,clang,22.1.8,llvm-libomp,main T1,9.368824,0.9497286,10.31855,,,9422f2cda2f9f2c161bf125243aacaa0700dbe9329084ec05ce20a9e771ac771,5942a0926b4d1a67dcd8fd6985633b0f834f734ee4a6c1285fb88db959bac8c7,4619591,,,,,logical_cell,,,,
iter0040,ipm,AMGCL,amgcl,,72,cpu,complete,7.825707,0.2132186,8.038926,19,7.00286e-09,ea01e2ff32b171d94ae8c048436df98203a0fc67,3,clang,22.1.8,llvm-libomp,main T1,9.368824,0.9497286,10.31855,,,f975692dce783525dc9b8103f42fa72a4387b59dc47e8da54cf049d72e6b60fc,5942a0926b4d1a67dcd8fd6985633b0f834f734ee4a6c1285fb88db959bac8c7,4619591,,,,,logical_cell,,,,
iter0040,ipm,AMGCL,amgcl,,8,cpu,complete,8.909262,0.2939177,9.20318,19,7.00286e-09,ea01e2ff32b171d94ae8c048436df98203a0fc67,3,clang,22.1.8,llvm-libomp,main T1,9.368824,0.9497286,10.31855,,,6378a3ca30079426659997e3ed31be0f3f8970f3df6243b04f21af6e4dd82724,5942a0926b4d1a67dcd8fd6985633b0f834f734ee4a6c1285fb88db959bac8c7,4619591,,,,,logical_cell,,,,
iter0040,ipm,apxchol trace-cycle,apxchol_v1,bg+trace_cycle[vec_pool_aos],1,cpu,complete,1.696437675,0.591013156,2.287450831,27,7.3382869634111005e-09,98b6a4cda51bdaba2c58a6dbb560df43107cf071,3,Clang22.1.8/llvm-libomp,,,main T1,1.696437675,0.591013156,2.287450831,,,45c13a9ef85ca7d957c82181dc0e7327149431f81279ea64b86403441724c65a,ab34ea7daa4dcb1f40264c4019944e4590e4c62f32cb8724a8bc5571ad71d82b,4634149,,,,,,current complete-object API measurement,,,
iter0040,ipm,apxchol trace-cycle,apxchol_v1,bg+trace_cycle[vec_pool_aos],16,cpu,complete,0.322792149,0.099517871,0.42231001999999995,28,5.6797922980248195e-09,98b6a4cda51bdaba2c58a6dbb560df43107cf071,3,Clang22.1.8/llvm-libomp,,,main T1,1.696437675,0.591013156,2.287450831,,,a23b91eaa3d906b59c10ebdfa7903ff2c2444c2569d1c7db136809dbdfbe269c,ab34ea7daa4dcb1f40264c4019944e4590e4c62f32cb8724a8bc5571ad71d82b,4634149,,,,,,current complete-object API measurement,,,
iter0040,ipm,apxchol trace-cycle,apxchol_v1,bg+trace_cycle[vec_pool_aos],2,cpu,complete,1.159058932,0.335545673,1.494604605,27,8.571673560716295e-09,98b6a4cda51bdaba2c58a6dbb560df43107cf071,3,Clang22.1.8/llvm-libomp,,,main T1,1.696437675,0.591013156,2.287450831,,,8c3500c1b86254333b42605a222c8daef681435ed029f6cadc3e1aa61a17be65,ab34ea7daa4dcb1f40264c4019944e4590e4c62f32cb8724a8bc5571ad71d82b,4634149,,,,,,current complete-object API measurement,,,
iter0040,ipm,apxchol trace-cycle,apxchol_v1,bg+trace_cycle[vec_pool_aos],36,cpu,complete,0.268994309,0.078822357,0.347816666,27,9.021317131910248e-09,98b6a4cda51bdaba2c58a6dbb560df43107cf071,3,Clang22.1.8/llvm-libomp,,,main T1,1.696437675,0.591013156,2.287450831,,,58aef58e00b139bdf674a59ed489e6026cb50c5ec677e914b0a56bd55653b561,ab34ea7daa4dcb1f40264c4019944e4590e4c62f32cb8724a8bc5571ad71d82b,4634149,,,,,,current complete-object API measurement,,,
iter0040,ipm,apxchol trace-cycle,apxchol_v1,bg+trace_cycle[vec_pool_aos],4,cpu,complete,0.679412669,0.198599958,0.8780126269999999,27,9.106538504774017e-09,98b6a4cda51bdaba2c58a6dbb560df43107cf071,3,Clang22.1.8/llvm-libomp,,,main T1,1.696437675,0.591013156,2.287450831,,,54257de28e1eb390359f4d16b421ea739057f97247c0414dec53c7f5dff3027e,ab34ea7daa4dcb1f40264c4019944e4590e4c62f32cb8724a8bc5571ad71d82b,4634149,,,,,,current complete-object API measurement,,,
iter0040,ipm,apxchol trace-cycle,apxchol_v1,bg+trace_cycle[vec_pool_aos],72,cpu,complete,0.232068759,0.070355548,0.302424307,27,6.4430982192244046e-09,98b6a4cda51bdaba2c58a6dbb560df43107cf071,3,Clang22.1.8/llvm-libomp,,,main T1,1.696437675,0.591013156,2.287450831,,,5fdfee420d820b6c8dae51663a9f06852eb103c94a3c3675689f84c7494db705,ab34ea7daa4dcb1f40264c4019944e4590e4c62f32cb8724a8bc5571ad71d82b,4634149,,,,,,current complete-object API measurement,,,
iter0040,ipm,apxchol trace-cycle,apxchol_v1,bg+trace_cycle[vec_pool_aos],8,cpu,complete,0.44964416,0.12489343,0.57453759,26,8.643254023929983e-09,98b6a4cda51bdaba2c58a6dbb560df43107cf071,3,Clang22.1.8/llvm-libomp,,,main T1,1.696437675,0.591013156,2.287450831,,,dd2f4479588f88ec475ee976168ea4ee9d7c3ceabca3071f9f5e349001a56f05,ab34ea7daa4dcb1f40264c4019944e4590e4c62f32cb8724a8bc5571ad71d82b,4634149,,,,,,current complete-object API measurement,,,
iter0040,ipm,apxchol bg+tree,apxchol_v1,bg+tree[vec_pool_aos],1,cpu,complete,1.360207357,0.910919389,2.271126746,44,8.220830787680265e-09,98b6a4cda51bdaba2c58a6dbb560df43107cf071,3,Clang22.1.8/llvm-libomp,,,main T1,1.360207357,0.910919389,2.271126746,,,26724ff68d11ef29a1e144d8cbc5982afab963a598b46d324825b48c85bf2d0a,ab34ea7daa4dcb1f40264c4019944e4590e4c62f32cb8724a8bc5571ad71d82b,4634149,,,,,,current complete-object API measurement,,,
iter0040,ipm,apxchol bg+tree,apxchol_v1,bg+tree[vec_pool_aos],16,cpu,complete,0.298312582,0.14582958,0.444142162,43,7.639647045231863e-09,98b6a4cda51bdaba2c58a6dbb560df43107cf071,3,Clang22.1.8/llvm-libomp,,,main T1,1.360207357,0.910919389,2.271126746,,,a965f636fb504e72f4292635f5f2aa9bef080837d56205cc5be07af587458583,ab34ea7daa4dcb1f40264c4019944e4590e4c62f32cb8724a8bc5571ad71d82b,4634149,,,,,,current complete-object API measurement,,,
iter0040,ipm,apxchol bg+tree,apxchol_v1,bg+tree[vec_pool_aos],2,cpu,complete,0.989022496,0.516915221,1.5059377170000001,44,9.367524622105815e-09,98b6a4cda51bdaba2c58a6dbb560df43107cf071,3,Clang22.1.8/llvm-libomp,,,main T1,1.360207357,0.910919389,2.271126746,,,08d3e319ee0431974a055f833769690f42948111c3ed9bcea7b04bbed996a2f1,ab34ea7daa4dcb1f40264c4019944e4590e4c62f32cb8724a8bc5571ad71d82b,4634149,,,,,,current complete-object API measurement,,,
iter0040,ipm,apxchol bg+tree,apxchol_v1,bg+tree[vec_pool_aos],36,cpu,complete,0.237933157,0.120804066,0.358737223,43,6.782538884126865e-09,98b6a4cda51bdaba2c58a6dbb560df43107cf071,3,Clang22.1.8/llvm-libomp,,,main T1,1.360207357,0.910919389,2.271126746,,,af9a458a3acfdb2a48eb774906a53ad18b5a9835bb1fd672f8296bb4d544054f,ab34ea7daa4dcb1f40264c4019944e4590e4c62f32cb8724a8bc5571ad71d82b,4634149,,,,,,current complete-object API measurement,,,
iter0040,ipm,apxchol bg+tree,apxchol_v1,bg+tree[vec_pool_aos],4,cpu,complete,0.584849829,0.306140311,0.89099014,44,7.6205013252092e-09,98b6a4cda51bdaba2c58a6dbb560df43107cf071,3,Clang22.1.8/llvm-libomp,,,main T1,1.360207357,0.910919389,2.271126746,,,05d3d8e04c47f1437c66da814b7d0f233d1d4e2c4ff0351fdf9da0e6b72c087d,ab34ea7daa4dcb1f40264c4019944e4590e4c62f32cb8724a8bc5571ad71d82b,4634149,,,,,,current complete-object API measurement,,,
iter0040,ipm,apxchol bg+tree,apxchol_v1,bg+tree[vec_pool_aos],72,cpu,complete,0.218492738,0.113611582,0.33210432,46,8.549984668262033e-09,98b6a4cda51bdaba2c58a6dbb560df43107cf071,3,Clang22.1.8/llvm-libomp,,,main T1,1.360207357,0.910919389,2.271126746,,,8a7815d19df3b67550a80bf2751b2be3601b469a1fef5980853054ea461d59f4,ab34ea7daa4dcb1f40264c4019944e4590e4c62f32cb8724a8bc5571ad71d82b,4634149,,,,,,current complete-object API measurement,,,
iter0040,ipm,apxchol bg+tree,apxchol_v1,bg+tree[vec_pool_aos],8,cpu,complete,0.398716175,0.210014719,0.608730894,46,8.683167018641102e-09,98b6a4cda51bdaba2c58a6dbb560df43107cf071,3,Clang22.1.8/llvm-libomp,,,main T1,1.360207357,0.910919389,2.271126746,,,b4841ddf4132bfe48f4d783ae52dae4b3b45e1d4dab8239e43d8386563f25b12,ab34ea7daa4dcb1f40264c4019944e4590e4c62f32cb8724a8bc5571ad71d82b,4634149,,,,,,current complete-object API measurement,,,
iter0040,ipm,BoomerAMG,hypre_boomeramg,,1,cpu,complete,1.415244,0.6643154,2.079559,9,2.662735e-09,ea01e2ff32b171d94ae8c048436df98203a0fc67,3,clang,22.1.8,llvm-libomp,main T1,1.415244,0.6643154,2.079559,,,cdf2d1017d2cb37e06302e85ffc89cd8124bb659671b51ca8e0e137646b01932,5942a0926b4d1a67dcd8fd6985633b0f834f734ee4a6c1285fb88db959bac8c7,4619591,,,,,logical_cell,,,,
iter0040,ipm,BoomerAMG,hypre_boomeramg,,16,cpu,complete,0.4689275,0.1928793,0.6618068,10,2.059055e-09,ea01e2ff32b171d94ae8c048436df98203a0fc67,3,clang,22.1.8,llvm-libomp,main T1,1.415244,0.6643154,2.079559,,,086ec9aa63975406376cb38ada11c78b24718d5d0796683f403a8c0247c8eec0,5942a0926b4d1a67dcd8fd6985633b0f834f734ee4a6c1285fb88db959bac8c7,4619591,,,,,logical_cell,,,,
iter0040,ipm,BoomerAMG,hypre_boomeramg,,2,cpu,complete,0.915465,0.4236474,1.339112,9,3.233753e-09,ea01e2ff32b171d94ae8c048436df98203a0fc67,3,clang,22.1.8,llvm-libomp,main T1,1.415244,0.6643154,2.079559,,,6ec34c32fb4853db0544658d94cecbeeae631c6e4ea4e54e71d195be025c9550,5942a0926b4d1a67dcd8fd6985633b0f834f734ee4a6c1285fb88db959bac8c7,4619591,,,,,logical_cell,,,,
iter0040,ipm,BoomerAMG,hypre_boomeramg,,36,cpu,complete,0.4364791,0.1818631,0.6183422,11,3.128025e-09,ea01e2ff32b171d94ae8c048436df98203a0fc67,3,clang,22.1.8,llvm-libomp,main T1,1.415244,0.6643154,2.079559,,,15c35dbe99c727e104be84042fd12dde4c1b2596316e327da5786b4f28f4cd3c,5942a0926b4d1a67dcd8fd6985633b0f834f734ee4a6c1285fb88db959bac8c7,4619591,,,,,logical_cell,,,,
iter0040,ipm,BoomerAMG,hypre_boomeramg,,4,cpu,complete,0.6579354,0.28791,0.9458453,9,4.814673e-09,ea01e2ff32b171d94ae8c048436df98203a0fc67,3,clang,22.1.8,llvm-libomp,main T1,1.415244,0.6643154,2.079559,,,294b7b5497f9be6948bf9b8828e42ad7dbc663be40b6d09c254efba3c3e74339,5942a0926b4d1a67dcd8fd6985633b0f834f734ee4a6c1285fb88db959bac8c7,4619591,,,,,logical_cell,,,,
iter0040,ipm,BoomerAMG,hypre_boomeramg,,72,cpu,complete,0.4246838,0.208028,0.6327118,12,4.601707e-09,ea01e2ff32b171d94ae8c048436df98203a0fc67,3,clang,22.1.8,llvm-libomp,main T1,1.415244,0.6643154,2.079559,,,e7ca1de93f5f87bd1481b042d0d45c6b154532991f532acdca2d826ab61c7041,5942a0926b4d1a67dcd8fd6985633b0f834f734ee4a6c1285fb88db959bac8c7,4619591,,,,,logical_cell,,,,
iter0040,ipm,BoomerAMG,hypre_boomeramg,,8,cpu,complete,0.5361435,0.2200135,0.756157,9,9.057678e-09,ea01e2ff32b171d94ae8c048436df98203a0fc67,3,clang,22.1.8,llvm-libomp,main T1,1.415244,0.6643154,2.079559,,,b80dd4f82f24949866d1ee1000a2bcb134cbfc853977f391cd464b1d8e3ae890,5942a0926b4d1a67dcd8fd6985633b0f834f734ee4a6c1285fb88db959bac8c7,4619591,,,,,logical_cell,,,,
iter0040,ipm,ParAC Graph,parac,,1,cpu,complete,4.675266405413818,1.248,5.923266405413818,50,4.7068593829121735e-09,1a526f25aec8829e8a9217b558ac2290a3840ae0,3,,,,main T1,4.675266405413818,1.248,5.923266405413818,,,d8af070e00d24a8936490dcd305e9f9d8def3b96da5a23460db66eca900fae0a,94a4cc3e26ca031ffa01df5a4e26fe788d9e60a5b0bc0e4f2cdf58a9912b0bf1,4623922,2.2506957054138184,portable-cpp serial reference,1,,,private corrected adapter; base commit alone does not contain implementation,True,True,True
iter0040,ipm,ParAC Graph,parac,,16,cpu,complete,3.8768818054138183,1.284,5.160881805413818,49,4.1887832863699725e-09,1a526f25aec8829e8a9217b558ac2290a3840ae0,3,,,,main T1,4.675266405413818,1.248,5.923266405413818,,,5b305f36e2083f61726c9a2ef1360ffa3a79b0dbc74b478fb0a8b61f4872386b,94a4cc3e26ca031ffa01df5a4e26fe788d9e60a5b0bc0e4f2cdf58a9912b0bf1,4624041,2.2506957054138184,portable-cpp serial reference,1,,,private corrected adapter; base commit alone does not contain implementation,True,True,True
iter0040,ipm,ParAC Graph,parac,,2,cpu,complete,4.392628905413819,1.3,5.692628905413819,50,5.475987775171653e-09,1a526f25aec8829e8a9217b558ac2290a3840ae0,3,,,,main T1,4.675266405413818,1.248,5.923266405413818,,,e960d2a8afc2c8199ae8ee6f2927485625c8ce2a0e8102cbc5b13e762d74f38d,94a4cc3e26ca031ffa01df5a4e26fe788d9e60a5b0bc0e4f2cdf58a9912b0bf1,4624041,2.2506957054138184,portable-cpp serial reference,1,,,private corrected adapter; base commit alone does not contain implementation,True,True,True
iter0040,ipm,ParAC Graph,parac,,36,cpu,complete,3.8297079054138186,1.263,5.0927079054138185,48,4.841286622623059e-09,1a526f25aec8829e8a9217b558ac2290a3840ae0,3,,,,main T1,4.675266405413818,1.248,5.923266405413818,,,a5292236f22f9a4c18923ecce9a1002ee930bdcbcc149a5392833f980ba204f3,94a4cc3e26ca031ffa01df5a4e26fe788d9e60a5b0bc0e4f2cdf58a9912b0bf1,4624041,2.2506957054138184,portable-cpp serial reference,1,,,private corrected adapter; base commit alone does not contain implementation,True,False,True
iter0040,ipm,ParAC Graph,parac,,4,cpu,complete,4.0649355054138185,1.261,5.325935505413819,48,4.147590928440163e-09,1a526f25aec8829e8a9217b558ac2290a3840ae0,3,,,,main T1,4.675266405413818,1.248,5.923266405413818,,,60e681497fabc20ac77637b2178e8c99065ab60bd95c95c231581a46525d8912,94a4cc3e26ca031ffa01df5a4e26fe788d9e60a5b0bc0e4f2cdf58a9912b0bf1,4624041,2.2506957054138184,portable-cpp serial reference,1,,,private corrected adapter; base commit alone does not contain implementation,True,True,True
iter0040,ipm,ParAC Graph,parac,,72,cpu,complete,3.8034063054138185,1.2,5.003406305413819,48,4.7892684010308245e-09,1a526f25aec8829e8a9217b558ac2290a3840ae0,3,,,,main T1,4.675266405413818,1.248,5.923266405413818,,,57d8152e7b92761de1a5e275ec6ec0e92623b9c4a86a98be154d5a8dbb14f090,94a4cc3e26ca031ffa01df5a4e26fe788d9e60a5b0bc0e4f2cdf58a9912b0bf1,4623922,2.2506957054138184,portable-cpp serial reference,1,,,private corrected adapter; base commit alone does not contain implementation,True,True,True
iter0040,ipm,ParAC Graph,parac,,8,cpu,complete,3.944145305413818,1.224,5.168145305413818,47,5.212370033340752e-09,1a526f25aec8829e8a9217b558ac2290a3840ae0,3,,,,main T1,4.675266405413818,1.248,5.923266405413818,,,8c8e77b4be43b2970ac44563297663e7a65e449fa9164d7c67df6431892b0cce,94a4cc3e26ca031ffa01df5a4e26fe788d9e60a5b0bc0e4f2cdf58a9912b0bf1,4624041,2.2506957054138184,portable-cpp serial reference,1,,,private corrected adapter; base commit alone does not contain implementation,True,True,True
