matrix,threads,seed,arm,repetitions,setup_ms,setup_ratio,find_partition_ms,find_partition_ratio,eliminate_ms,eliminate_ratio,sptrsv_setup_ms,sptrsv_setup_ratio,pcg_ms,pcg_ratio,total_ms,total_ratio
as-Skitter,36,42,base,8,788.586,1.0,84.03200000000001,1.0,172.70800000000003,1.0,88.7715,1.0,23.093000000000004,1.0,811.0284999999999,1.0
as-Skitter,36,42,t128,8,812.0695000000001,1.0297792504558794,85.41900000000001,1.0165056169078446,157.9235,0.9143959747087568,86.541,0.9748736925702505,23.459000000000003,1.0158489585588706,840.0229999999999,1.035750284977655
as-Skitter,36,42,t256,8,812.8344999999999,1.030749341225941,83.03450000000001,0.988129522086824,154.095,0.8922285012854064,87.4665,0.9852993359355198,22.505499999999998,0.97455939029143,835.15,1.0297418648049976
as-Skitter,36,42,t512,8,796.1,1.0095284471192743,83.7735,0.9969237909367858,156.7545,0.9076273247330754,86.9155,0.9790923888860725,23.143,1.0021651582730697,819.1465000000001,1.010009512612689
as-Skitter,36,42,t1024,8,799.4575,1.0137860677212123,81.7655,0.973028132140137,173.50150000000002,1.004594460013433,85.8215,0.9667686138006004,23.0435,0.9978564933096609,822.3645,1.0139773139908155
as-Skitter,36,43,base,8,806.4480000000001,1.0,82.12950000000001,1.0,154.96300000000002,1.0,86.9085,1.0,22.553,1.0,829.4205,1.0
as-Skitter,36,43,t128,8,804.7139999999999,0.9978498303672398,79.5635,0.9687566586914568,172.7525,1.1147983712240985,85.0595,0.9787247507435981,22.0985,0.9798474704030506,826.812,0.9968550331225235
as-Skitter,36,43,t256,8,783.422,0.9714476320853916,86.16,1.049074936533158,149.4785,0.9646076805430972,86.02,0.9897766041296305,22.310499999999998,0.9892475502150488,805.7325000000001,0.9714403007883217
as-Skitter,36,43,t512,8,790.2325000000001,0.9798926899192508,80.939,0.9855045994435615,159.293,1.0279421539335194,86.4,0.9941490187956299,21.927500000000002,0.9722653305546934,813.0065,0.9802102793456395
as-Skitter,36,43,t1024,8,804.562,0.9976613495228458,82.81299999999999,1.0083222228310167,162.31099999999998,1.0474177706936492,85.9685,0.9891840268788439,22.3825,0.9924400301511994,827.3975,0.9975609476737072
as-Skitter,36,44,base,8,808.8075,1.0,83.14,1.0,159.1945,1.0,86.477,1.0,22.5505,1.0,832.3430000000001,1.0
as-Skitter,36,44,t128,8,799.2629999999999,0.9881992934041782,85.1605,1.0243023815251382,173.161,1.087732302309439,86.3475,0.9985024919920903,23.0385,1.021640318396488,822.998,0.9887726574260851
as-Skitter,36,44,t256,8,805.4655,0.9958679908383639,85.28649999999999,1.0258178975222514,167.43,1.0517323148726871,87.7525,1.0147495865952796,22.7635,1.00944546684109,828.363,0.9952183174484557
as-Skitter,36,44,t512,8,802.6825,0.9924271226466125,80.148,0.9640125090209285,155.425,0.9763214181394458,86.3865,0.9989534789597233,22.234,0.9859648344826059,825.7180000000001,0.9920405409788994
as-Skitter,36,44,t1024,8,815.531,1.0083128556547756,80.207,0.9647221554005292,170.775,1.072744347323557,86.36,0.998647039097101,22.881500000000003,1.0146781667812246,838.6555,1.00758401284086
as-Skitter,72,42,base,4,651.255,1.0,58.1995,1.0,158.5765,1.0,71.35249999999999,1.0,19.785,1.0,671.0395,1.0
as-Skitter,72,42,t128,4,655.0415,1.005814158816439,60.822,1.0450605245749534,143.483,0.9048188098488742,70.4505,0.9873585368417366,20.045,1.0131412686378571,675.3905,1.0064839700196486
as-Skitter,72,42,t256,4,675.3935,1.0370645906749276,58.2085,1.0001546405037844,159.142,1.003566102165201,71.79050000000001,1.006138537542483,19.5875,0.9900176901693201,695.1095,1.0358697215290606
as-Skitter,72,42,t512,4,676.732,1.0391198532065014,61.1135,1.0500691586697481,122.507,0.7725419592436458,70.821,0.992551066886234,19.7715,0.9993176648976497,696.904,1.0385439307224091
as-Skitter,72,42,t1024,4,677.2090000000001,1.0398522852031846,61.9585,1.064588183747283,117.92699999999999,0.743660000063061,70.22200000000001,0.9841561262744826,19.893,1.0054586808188022,697.2505,1.0390602937681015
as-Skitter,72,43,base,4,660.0039999999999,1.0,58.812,1.0,158.625,1.0,71.92699999999999,1.0,20.068,1.0,680.057,1.0
as-Skitter,72,43,t128,4,664.6379999999999,1.0070211695686693,59.1695,1.0060786914235191,156.24849999999998,0.985018124507486,70.4845,0.9799449441795154,21.2035,1.0565826190950767,687.616,1.0111152447515428
as-Skitter,72,43,t256,4,666.884,1.0104241792473987,58.8515,1.0006716316398014,141.4455,0.8916973995271869,69.995,0.973139433036273,19.9005,0.9916533785130556,686.559,1.0095609632721962
as-Skitter,72,43,t512,4,701.125,1.0623041678535283,58.603,0.9964463034754812,150.707,0.9500835303388494,71.0315,0.987549876958583,19.6675,0.9800428542953956,720.792,1.0598993907863605
as-Skitter,72,43,t1024,4,663.5005,1.005297695165484,60.2675,1.0247483506767328,150.86,0.9510480693459418,71.12100000000001,0.9887941941134764,20.105,1.001843731313534,683.2270000000001,1.004661373973064
as-Skitter,72,44,base,4,674.27,1.0,58.698499999999996,1.0,120.242,1.0,70.2465,1.0,19.1145,1.0,693.5930000000001,1.0
as-Skitter,72,44,t128,4,672.226,0.9969685734201433,58.0565,0.9890627528812491,177.8495,1.4790963224164602,69.9435,0.9956866178386112,19.1455,1.001621805435664,691.4839999999999,0.9969593118731012
as-Skitter,72,44,t256,4,673.0885000000001,0.998247734587035,62.305499999999995,1.0614496111484961,134.721,1.1204154954175745,68.8965,0.9807819606670796,19.1795,1.0034005597844569,692.0425,0.9977645391461563
as-Skitter,72,44,t512,4,651.4435000000001,0.9661463508683467,60.528,1.0311677470463472,151.4015,1.2591399011992481,71.173,1.0131892692162598,19.176499999999997,1.0032436108713279,670.6825,0.9669683805920762
as-Skitter,72,44,t1024,4,655.4325,0.972062378572382,57.6935,0.9828786084823292,148.20350000000002,1.2325435371999802,70.2535,1.0000996490928373,19.116500000000002,1.0001046326087526,675.9259999999999,0.9745282896453682
coPapersDBLP,36,42,base,8,740.167,1.0,137.99,1.0,257.1545,1.0,75.0,1.0,14.8925,1.0,756.1914999999999,1.0
coPapersDBLP,36,42,t128,8,759.3340000000001,1.0258955073652298,136.9065,0.9921479817378069,267.77049999999997,1.0412825752611756,77.07,1.0275999999999998,14.984000000000002,1.006144032230989,776.4335000000001,1.026768351667534
coPapersDBLP,36,42,t256,8,744.9475,1.0064586775687108,137.07150000000001,0.9933437205594609,251.72500000000002,0.9788862337621937,75.11250000000001,1.0015,14.745000000000001,0.9900956857478598,759.692,1.0046291184177554
coPapersDBLP,36,42,t512,8,722.9115,0.9766870179297376,136.733,0.9908906442495833,266.0005,1.0343995535757686,75.681,1.00908,15.055,1.010911532650663,738.8025,0.9770045021664487
coPapersDBLP,36,42,t1024,8,739.8634999999999,0.9995899574015052,136.9435,0.9924161171099355,258.2885,1.0044098003340405,75.864,1.01152,15.0435,1.0101393318784624,754.9525000000001,0.998361526147808
coPapersDBLP,36,43,base,8,730.9984999999999,1.0,137.4655,1.0,269.697,1.0,76.525,1.0,14.9985,1.0,745.655,1.0
coPapersDBLP,36,43,t128,8,740.4694999999999,1.0129562509362193,134.4745,0.9782418134004534,267.995,0.9936892141922231,74.15700000000001,0.9690558640967005,15.754000000000001,1.0503717038370504,755.5074999999999,1.0132132152268811
coPapersDBLP,36,43,t256,8,750.3705,1.0265007383736082,140.653,1.02318763617053,254.878,0.9450531522412188,76.26249999999999,0.9965697484482193,14.7335,0.9823315664899823,765.697,1.0268783820935956
coPapersDBLP,36,43,t512,8,737.8499999999999,1.0093727962506078,135.44150000000002,0.9852763056912464,266.92449999999997,0.9897199449752869,75.805,0.9905913100294022,14.939499999999999,0.996066273293996,752.712,1.0094641623807257
coPapersDBLP,36,43,t1024,8,741.1455000000001,1.0138810134357323,139.20549999999997,1.0126577213919128,251.89600000000002,0.9339962995509776,76.618,1.001215289121202,15.132,1.0089008900890089,756.481,1.0145187787918006
coPapersDBLP,36,44,base,8,752.268,1.0,136.6775,1.0,252.108,1.0,77.15549999999999,1.0,15.0075,1.0,767.524,1.0
coPapersDBLP,36,44,t128,8,755.2059999999999,1.0039055230316853,136.67849999999999,1.0000073164932046,292.704,1.1610262268551572,76.841,0.9959238161893839,15.6135,1.0403798100949526,770.7045,1.0041438443618702
coPapersDBLP,36,44,t256,8,730.6700000000001,0.971289487257201,139.1815,1.0183204989848365,290.0485,1.150493042664255,76.9975,0.9979521874655729,15.1595,1.0101282691987339,747.7465,0.9742320761305183
coPapersDBLP,36,44,t512,8,754.652,1.0031690833585902,136.133,0.9960161694499826,258.237,1.0243110095673285,77.122,0.9995658118993462,14.753499999999999,0.9830751291021155,769.565,1.0026592002334782
coPapersDBLP,36,44,t1024,8,745.113,0.9904887619837611,137.1395,1.0033802198606208,245.99349999999998,0.9757465054659114,76.687,0.9939278470102586,15.0785,1.0047309678494085,760.982,0.9914764880316446
coPapersDBLP,72,42,base,4,611.7555,1.0,91.87,1.0,261.64750000000004,1.0,71.3425,1.0,13.6785,1.0,625.4335,1.0
coPapersDBLP,72,42,t128,4,640.3520000000001,1.0467449822682429,93.108,1.0134755632959618,275.52049999999997,1.0530217181513293,71.7865,1.0062234993166765,13.008,0.9509814672661475,654.8935,1.0471033291309149
coPapersDBLP,72,42,t256,4,630.813,1.0311521514722795,96.029,1.04527049091107,239.0395,0.9135936708739811,73.38300000000001,1.028601464765042,13.085999999999999,0.9566838469130386,643.8985,1.0295235224848045
coPapersDBLP,72,42,t512,4,623.6185,1.019391734115999,93.434,1.017024055730924,252.19650000000001,0.9638788828481066,72.81,1.0205697865928445,13.591000000000001,0.9936030997550902,637.2090000000001,1.0188277410787878
coPapersDBLP,72,42,t1024,4,642.9970000000001,1.0510686050227585,97.24600000000001,1.0585174703385218,310.9225,1.1883258964828634,71.7975,1.0063776851105581,13.462,0.9841722411083087,657.6335,1.051484290496112
coPapersDBLP,72,43,base,4,590.72,1.0,95.70750000000001,1.0,249.71249999999998,1.0,71.946,1.0,13.025,1.0,603.5615,1.0
coPapersDBLP,72,43,t128,4,646.441,1.0943272616468038,98.94999999999999,1.0338792675600132,263.28,1.054332482354708,71.596,0.9951352403191284,13.2,1.0134357005758157,659.586,1.0928231837186433
coPapersDBLP,72,43,t256,4,626.4390000000001,1.0604668878656556,95.87950000000001,1.0017971423347178,240.495,0.9630875506832859,72.0955,1.002077947349401,13.461500000000001,1.0335124760076775,640.8225,1.061735216709482
coPapersDBLP,72,43,t512,4,640.2015,1.0837647277898157,97.05199999999999,1.0140480108664418,234.46300000000002,0.938931771537268,72.381,1.006046201317655,13.7965,1.0592322456813819,655.3565,1.0858156128248737
coPapersDBLP,72,43,t1024,4,622.412,1.0536497833152763,96.2685,1.0058616095917248,244.823,0.9804194824047656,71.5875,0.99501709615545,13.1055,1.0061804222648751,635.7049999999999,1.053256379010258
coPapersDBLP,72,44,base,4,663.361,1.0,100.065,1.0,272.936,1.0,73.4325,1.0,13.172,1.0,676.5245,1.0
coPapersDBLP,72,44,t128,4,634.2615000000001,0.9561332366539487,100.41999999999999,1.0035476939989005,301.3675,1.1041691092417272,72.0085,0.9806080413985632,12.9115,0.9802232007288186,648.203,0.958136771099938
coPapersDBLP,72,44,t256,4,643.4200000000001,0.9699394447367272,98.1675,0.9810373257382702,250.1175,0.916396151478735,73.041,0.9946685731794505,13.254000000000001,1.0062253264500456,658.16,0.9728546416279085
coPapersDBLP,72,44,t512,4,620.0665,0.9347346316711413,94.077,0.9401588967171338,247.81400000000002,0.9079564440015243,72.423,0.9862526810336022,13.4285,1.0194731248102034,633.4955,0.9363969819274838
coPapersDBLP,72,44,t1024,4,630.2145,0.9500324860822389,97.26050000000001,0.9719732174086845,263.947,0.9670655391740189,73.533,1.0013686038198344,13.3115,1.010590646826602,643.4745,0.9511473716029502
com-Amazon,36,42,base,8,78.416,1.0,25.4795,1.0,25.2765,1.0,8.9655,1.0,2.2235,1.0,80.6535,1.0
com-Amazon,36,42,t128,8,78.555,1.0017725974290963,25.554000000000002,1.0029239192291843,25.945999999999998,1.0264870531916999,8.9465,0.9978807651553175,2.1790000000000003,0.9799865077580392,80.7415,1.0010910871815855
com-Amazon,36,42,t256,8,78.866,1.005738624770455,25.7655,1.0112247100610294,25.21,0.9973690977785691,8.976500000000001,1.0012269254363952,2.248,1.0110186642680459,81.06450000000001,1.005095873086723
com-Amazon,36,42,t512,8,79.011,1.0075877371964905,25.7495,1.0105967542534193,25.369999999999997,1.0036990880857712,8.828,0.9846634320450615,2.162,0.9723409039802113,81.169,1.0063915391148555
com-Amazon,36,42,t1024,8,78.1325,0.9963846663946133,25.3565,0.9951725897289978,25.387,1.0043716495559116,8.865,0.9887903630583905,2.307,1.037553406791095,80.379,0.996596551916532
com-Amazon,36,43,base,8,78.779,1.0,25.838,1.0,25.23,1.0,8.916,1.0,2.127,1.0,80.92949999999999,1.0
com-Amazon,36,43,t128,8,89.3335,1.1339760596097945,26.159,1.0124235621952162,25.529,1.011850971066191,9.353000000000002,1.0490130103185287,2.2060000000000004,1.0371415138692999,91.604,1.1318987513823762
com-Amazon,36,43,t256,8,78.213,0.9928153441907107,25.6985,0.9946009753076863,25.194499999999998,0.9985929449068568,8.911000000000001,0.9994392104082549,2.2755,1.0698166431593796,80.583,0.9957184957277632
com-Amazon,36,43,t512,8,78.01150000000001,0.9902575559476512,25.7905,0.9981616224165958,25.063499999999998,0.9934007134363851,8.9585,1.004766711529834,2.125,0.9990597085096381,80.1345,0.9901766352195431
com-Amazon,36,43,t1024,8,78.1745,0.9923266352708209,25.826999999999998,0.9995742704543694,25.115000000000002,0.9954419342053112,8.965,1.0054957379991027,2.2695,1.0669957686882934,80.463,0.99423572368543
com-Amazon,36,44,base,8,78.326,1.0,25.7275,1.0,25.183500000000002,1.0,8.970500000000001,1.0,2.0775,1.0,80.4035,1.0
com-Amazon,36,44,t128,8,78.8355,1.006504864285167,25.836,1.0042172772325333,25.8295,1.0256517164016121,8.9995,1.0032328186834623,2.2715,1.09338146811071,81.338,1.011622628368168
com-Amazon,36,44,t256,8,79.09049999999999,1.0097604882159181,25.808999999999997,1.003167816538723,25.0845,0.9960688546071831,8.9875,1.001895100607547,2.2889999999999997,1.1018050541516244,81.3055,1.011218417108708
com-Amazon,36,44,t512,8,79.6865,1.0173697112070066,26.0335,1.0118938878631814,25.0605,0.9951158496634701,8.96,0.9988294966835739,2.183,1.0507821901323704,81.86949999999999,1.018233037119031
com-Amazon,36,44,t1024,8,79.275,1.0121160278834616,25.820999999999998,1.0036342435137497,25.125,0.9976770504496991,8.916,0.993924530405217,2.2030000000000003,1.0604091456077016,81.8475,1.0179594171895503
com-Amazon,72,42,base,4,69.981,1.0,24.4725,1.0,24.811999999999998,1.0,7.928000000000001,1.0,1.879,1.0,71.86,1.0
com-Amazon,72,42,t128,4,72.55799999999999,1.0368242808762378,24.3295,0.9941567065073041,24.799,0.9994760599709819,8.093,1.0208123107971745,1.746,0.9292176689728578,74.561,1.0375869746729753
com-Amazon,72,42,t256,4,69.18549999999999,0.9886326288564038,24.1965,0.9887220349371744,24.668999999999997,0.9942366596807996,8.0325,1.0131811301715439,1.8355000000000001,0.9768493879723258,71.0375,0.9885541330364597
com-Amazon,72,42,t512,4,68.719,0.9819665337734528,23.9455,0.978465624680764,24.2825,0.9786595195872965,8.018,1.0113521695257315,2.0745,1.1040447046301225,71.378,0.9932925132201503
com-Amazon,72,42,t1024,4,70.2885,1.0043940498135209,24.4485,0.9990193073858412,24.743499999999997,0.9972392390778655,8.199,1.0341826437941473,1.854,0.9866950505588079,72.1425,1.0039312552184803
com-Amazon,72,43,base,4,113.4945,1.0,24.4215,1.0,25.301,1.0,8.057500000000001,1.0,1.8225,1.0,115.34649999999999,1.0
com-Amazon,72,43,t128,4,73.18950000000001,0.64487265902753,25.5625,1.0467211268759085,25.0865,0.9915220742263152,8.164,1.013217499224325,1.8635,1.0224965706447187,75.0535,0.6506786075000108
com-Amazon,72,43,t256,4,69.72800000000001,0.6143733837322514,24.003999999999998,0.9829044080011464,24.78,0.979407928540374,8.042,0.9980763264039713,1.8125,0.9945130315500685,72.199,0.625931432683263
com-Amazon,72,43,t512,4,115.1915,1.0149522664093855,25.424999999999997,1.0410908420858667,25.728,1.0168768032884077,8.022,0.9955941669252248,1.8575,1.01920438957476,117.2325,1.016350734525972
com-Amazon,72,43,t1024,4,71.616,0.6310085510751622,24.6815,1.0106463566938968,24.477,0.9674321173076164,8.1075,1.0062053986968662,1.8795,1.031275720164609,73.4365,0.6366599766789629
com-Amazon,72,44,base,4,70.9865,1.0,24.0295,1.0,24.9555,1.0,8.077,1.0,1.8225,1.0,72.809,1.0
com-Amazon,72,44,t128,4,70.134,0.9879906742831382,24.121000000000002,1.0038078195551303,25.29,1.0134038588687864,8.063,0.998266683174446,1.8079999999999998,0.9920438957475993,71.993,0.9887925943221305
com-Amazon,72,44,t256,4,69.906,0.9847787959682475,24.217,1.0078029089244471,24.9685,1.0005209272505058,7.981999999999999,0.9882382072551689,1.8245,1.0010973936899863,71.763,0.985633644192339
com-Amazon,72,44,t512,4,70.018,0.9863565607545096,24.4,1.0154185480347073,24.656,0.9879986375748833,7.9155,0.9800049523337873,1.8325,1.0054869684499315,72.137,0.9907703717946957
com-Amazon,72,44,t1024,4,69.65549999999999,0.9812499559775448,24.4805,1.0187685969329365,24.851999999999997,0.9958526176594337,7.94,0.983038256778507,1.8275000000000001,1.0027434842249658,71.438,0.9811699103132855
com-LiveJournal,36,42,base,8,4146.874,1.0,550.6815,1.0,1222.2245,1.0,465.659,1.0,113.9645,1.0,4264.4715,1.0
com-LiveJournal,36,42,t128,8,4153.6505,1.0016341224739407,545.221,0.9900841048773201,1235.7759999999998,1.0110875702458917,467.0265,1.0029366983135728,113.418,0.9952046470611463,4268.9445,1.001048899025354
com-LiveJournal,36,42,t256,8,4129.8634999999995,0.995897994489343,555.543,1.0088281520261713,1202.1685,0.9835905760357446,467.29949999999997,1.0035229642291892,114.315,1.0030755191309575,4247.0625,0.9959176652956879
com-LiveJournal,36,42,t512,8,4131.748,0.9963524331821993,563.9825000000001,1.0241537077239748,1206.2565,0.9869352970751282,462.552,0.9933277355317948,114.008,1.0003816978094056,4246.209000000001,0.9957175232616753
com-LiveJournal,36,42,t1024,8,4161.7075,1.0035770317593447,551.6915,1.0018340910308408,1246.2235,1.019635508861097,468.7115,1.0065552260345016,113.962,0.9999780633442871,4276.126,1.002732929508381
com-LiveJournal,36,43,base,8,4109.5835,1.0,544.0595000000001,1.0,1227.0705,1.0,441.914,1.0,110.537,1.0,4218.6025,1.0
com-LiveJournal,36,43,t128,8,4098.6055,0.997328683064841,549.8009999999999,1.0105530736987405,1230.9785,1.003184821084037,440.573,0.9969654729200704,112.6765,1.0193555099197553,4216.0455,0.999393875104374
com-LiveJournal,36,43,t256,8,4118.889,1.0022643413864203,565.7615,1.039889019491434,1207.1734999999999,0.9837849577510012,438.6885,0.9927010685336966,111.4485,1.0082461076381664,4233.757,1.0035923033753475
com-LiveJournal,36,43,t512,8,4076.7205,0.9920033258844845,542.8275000000001,0.9977355417927636,1208.202,0.9846231329006768,434.45000000000005,0.9831098358504144,109.1275,0.9872486135864008,4185.5815,0.992172526328328
com-LiveJournal,36,43,t1024,8,4121.308999999999,1.0028532088470765,559.418,1.028229449168703,1231.1495,1.0033241773801913,433.321,0.9805550401209286,112.1395,1.0144974081076923,4234.0599999999995,1.0036641281087753
com-LiveJournal,36,44,base,8,4138.744500000001,1.0,543.858,1.0,1232.3235,1.0,435.182,1.0,110.1035,1.0,4248.8765,1.0
com-LiveJournal,36,44,t128,8,4128.873,0.9976148563894193,554.0035,1.0186546855980791,1239.0685,1.00547340045045,432.1415,0.9930132680120042,113.273,1.0287865508362586,4238.1455000000005,0.9974743911714073
com-LiveJournal,36,44,t256,8,4125.848,0.9968839584081596,555.365,1.0211580964148732,1216.962,0.9875345231994683,439.2605,1.009371940935057,113.428,1.0301943171652128,4241.7425,0.9983209679076339
com-LiveJournal,36,44,t512,8,4118.468,0.9951008089530531,562.3520000000001,1.0340051998867354,1207.3425,0.9797285371901129,435.42499999999995,1.0005583870656414,113.0775,1.027010948789094,4231.165000000001,0.9958314862764311
com-LiveJournal,36,44,t1024,8,4105.5525,0.991980176597033,551.528,1.0141029459895783,1231.832,0.9996011599226989,436.611,1.0032836836082375,110.90549999999999,1.007284055456911,4214.5895,0.9919303373491792
com-LiveJournal,72,42,base,4,3172.8775,1.0,356.017,1.0,1061.2825,1.0,371.5245,1.0,93.5805,1.0,3265.9080000000004,1.0
com-LiveJournal,72,42,t128,4,3182.1189999999997,1.0029126557832755,346.7065,0.9738481589362306,1068.136,1.0064577527661107,371.2105,0.9991548336650746,98.07,1.047974738326895,3280.1890000000003,1.0043727502428115
com-LiveJournal,72,42,t256,4,3204.7425000000003,1.0100429342135018,343.992,0.9662235230340125,1099.7604999999999,1.0362561334988563,371.4375,0.99976582970975,94.769,1.0127002954675386,3301.8965,1.0110194469654379
com-LiveJournal,72,42,t512,4,3193.599,1.0065308225735157,338.8435,0.9517621349542298,1087.2665,1.0244835847194314,373.3915,1.0050252405965152,93.77799999999999,1.00211048241888,3290.9139999999998,1.0076566761831625
com-LiveJournal,72,42,t1024,4,3201.3585,1.0089763944558212,342.52,0.9620888890137268,1093.5335,1.0303887042328503,373.86199999999997,1.0062916442926375,98.0175,1.0474137240130155,3297.6085000000003,1.0097064889764193
com-LiveJournal,72,43,base,4,3180.1555,1.0,346.65049999999997,1.0,1101.1815000000001,1.0,357.74,1.0,93.399,1.0,3272.6625000000004,1.0
com-LiveJournal,72,43,t128,4,3214.5015000000003,1.0108001008126806,340.2935,0.9816616447978584,1097.8229999999999,0.9969500940580638,354.774,0.9917090624475876,94.4675,1.0114401653122624,3308.183,1.0108537009239418
com-LiveJournal,72,43,t256,4,3195.5365,1.0048365559482864,336.8075,0.9716054065982885,1104.06,1.002614010496907,355.48,0.9936825627550735,94.553,1.0123555926722985,3291.0025,1.0056039998013848
com-LiveJournal,72,43,t512,4,3167.0474999999997,0.9958781889753504,345.683,0.9972090044583811,1066.6535,0.9686445876542602,358.18600000000004,1.001246715491698,94.55799999999999,1.012409126436043,3261.6059999999998,0.9966215581350045
com-LiveJournal,72,43,t1024,4,3208.8675,1.0090284893301602,340.586,0.9825054341476502,1117.9565,1.0152336376882465,355.6465,0.9941479845697992,93.982,1.006242036852643,3302.9139999999998,1.0092436968370553
com-LiveJournal,72,44,base,4,3214.7705,1.0,342.0425,1.0,1067.491,1.0,358.751,1.0,94.0455,1.0,3309.129,1.0
com-LiveJournal,72,44,t128,4,3163.941,0.984188762463759,336.6135,0.9841277034286674,1064.415,0.9971184768770884,359.65700000000004,1.0025254285005478,94.354,1.003280327075724,3266.0834999999997,0.9869918942416569
com-LiveJournal,72,44,t256,4,3163.3695,0.9840109892759062,343.13649999999996,1.0031984329432744,1060.1585,0.9931310896297955,355.481,0.9908850428291489,96.0095,1.0208835085144956,3263.5485,0.9862258316312238
com-LiveJournal,72,44,t512,4,3181.5135,0.9896549380430112,342.231,1.0005511011058568,1088.621,1.0197940778891814,358.95399999999995,1.0005658520812484,94.6325,1.0062416596222041,3276.1465,0.990032875720469
com-LiveJournal,72,44,t1024,4,3216.679,1.0005936660175276,342.39549999999997,1.0010320354926652,1125.7825,1.0546060809880364,358.75649999999996,1.0000153309677184,93.27199999999999,0.9917752577209966,3309.8734999999997,1.0002249836739516
com-Orkut,36,42,base,8,14431.470000000001,1.0,2238.198,1.0,4648.9735,1.0,1551.156,1.0,474.9545,1.0,14915.162499999999,1.0
com-Orkut,36,42,t128,8,14253.148000000001,0.9876435318093029,2243.7015,1.00245889773827,4444.816,0.9560854670391216,1568.4305,1.0111365330115087,499.7965,1.052303957536985,14744.8325,0.9885800774882608
com-Orkut,36,42,t256,8,14194.2555,0.9835626931975744,2236.1925,0.9991039666731899,4350.786,0.93585949672546,1574.1105,1.0147983181575548,498.1175,1.0487688820718617,14698.9285,0.9855024040133656
com-Orkut,36,42,t512,8,14112.945500000002,0.9779284785264426,2220.599,0.992136978051093,4330.915999999999,0.9315854349352602,1598.2365,1.0303518795014814,492.9045,1.0377930938647808,14616.523000000001,0.9799774558272498
com-Orkut,36,42,t1024,8,14122.593,0.9785969828437435,2238.2595,1.0000274774617797,4355.798,0.9369375841785288,1599.521,1.0311799715824843,488.5295,1.0285816851930027,14606.484,0.9793043823692837
com-Orkut,36,43,base,8,14295.063999999998,1.0,2261.2215,1.0,4577.852,1.0,1605.7620000000002,1.0,483.1035,1.0,14780.618999999999,1.0
com-Orkut,36,43,t128,8,14149.639500000001,0.9898269430623048,2209.3590000000004,0.9770643875445197,4372.424999999999,0.9551258974733127,1628.5955,1.0142197287020116,492.753,1.0199739807308372,14631.2305,0.9898929469733305
com-Orkut,36,43,t256,8,14179.055,0.9918846813137739,2220.1189999999997,0.981822877590718,4353.9655,0.9510935478036425,1605.598,0.9998978678035723,488.3975,1.0109583143156693,14689.272,0.9938198122825574
com-Orkut,36,43,t512,8,14065.5365,0.9839435836034034,2208.587,0.9767229791508704,4297.0740000000005,0.9386659944445562,1622.3245,1.0103144177032461,495.499,1.0256580629202645,14561.7755,0.9851938880232283
com-Orkut,36,43,t1024,8,14118.542000000001,0.9876515418189106,2228.1535000000003,0.9853760456461255,4371.116,0.9548399555075175,1612.254,1.0040429403610247,488.722,1.011630013030334,14605.694,0.9881652453121212
com-Orkut,36,44,base,8,14281.469000000001,1.0,2238.0829999999996,1.0,4565.9035,1.0,1610.87,1.0,487.37850000000003,1.0,14759.388500000001,1.0
com-Orkut,36,44,t128,8,14014.786,0.9813266408378577,2230.8755,0.9967796100502083,4377.4355,0.9587227369128584,1599.024,0.9926462098120891,482.842,0.9906920391441147,14497.5205,0.9822575305203193
com-Orkut,36,44,t256,8,14051.126,0.9838711970036135,2214.103,0.98928547332695,4395.271000000001,0.9626289736522028,1610.481,0.9997585155847462,482.75350000000003,0.9905104554263268,14529.566,0.9844287248079417
com-Orkut,36,44,t512,8,14025.5575,0.9820808699721296,2231.7775,0.9971826335305708,4316.3655,0.9453475089869945,1634.4095,1.0146129110356517,482.708,0.990417098825656,14509.129,0.9830440468451657
com-Orkut,36,44,t1024,8,14148.792000000001,0.9907098492459004,2244.0145,1.002650259172694,4348.545,0.9523952926293777,1613.823,1.0018331708952306,480.67949999999996,0.9862550358704784,14629.703000000001,0.991213355485561
com-Orkut,72,42,base,4,11681.361,1.0,1430.3245,1.0,4010.3720000000003,1.0,1258.187,1.0,419.394,1.0,12102.608,1.0
com-Orkut,72,42,t128,4,11512.432,0.9855385857863651,1401.3315,0.979729774607091,3888.1055,0.9695124292709005,1277.806,1.01559307161813,419.259,0.9996781069829326,11934.098,0.986076554739276
com-Orkut,72,42,t256,4,11527.918000000001,0.9868642874747215,1418.3985,0.9916620319375079,3834.3305,0.9561034487573721,1296.1295,1.0301564870722715,425.46799999999996,1.0144828013753175,11956.425,0.987921363725901
com-Orkut,72,42,t512,4,11424.7445,0.9780319690488121,1403.203,0.981038218949616,3817.6875,0.9519534596790521,1261.4405,1.0025858636275848,421.476,1.0049643056409963,11845.4595,0.9787526374480608
com-Orkut,72,42,t1024,4,11428.780999999999,0.9783775195373209,1400.217,0.9789505807947778,3845.9165000000003,0.9589924575575532,1263.9135,1.0045513902146503,422.8815,1.0083155696075767,11851.9985,0.9792929342171538
com-Orkut,72,43,base,4,11625.663,1.0,1387.7205,1.0,4005.728,1.0,1266.4005000000002,1.0,434.71849999999995,1.0,12063.149000000001,1.0
com-Orkut,72,43,t128,4,11484.676,0.9878727776643792,1396.1765,1.0060934460505557,3884.401,0.969711622955927,1291.314,1.019672686484252,435.328,1.0014020567332653,11920.004,0.9881336954388941
com-Orkut,72,43,t256,4,11477.4805,0.9872538452215585,1395.5545000000002,1.0056452289924378,3863.3995,0.9644687557417777,1273.9545,1.0059649376322892,435.45500000000004,1.0016941998097622,11915.27,0.9877412605945595
com-Orkut,72,43,t512,4,11407.045,0.9811952230165282,1406.449,1.0134958732684285,3783.0175,0.9444019913483891,1261.7395,0.9963194897664678,432.7525,0.9954775331622648,11839.0735,0.981424792150043
com-Orkut,72,43,t1024,4,11415.890500000001,0.9819560828487804,1407.4135,1.0141908979509924,3805.6715000000004,0.9500573928134911,1267.6565,1.0009917873532108,438.5615,1.0088402034880044,11854.9405,0.9827401203450276
com-Orkut,72,44,base,4,11757.2415,1.0,1391.0605,1.0,4056.951,1.0,1430.8015,1.0,434.1305,1.0,12196.753499999999,1.0
com-Orkut,72,44,t128,4,11665.408,0.9921891967601414,1407.927,1.0121249219570247,3925.8825,0.9676928560389317,1400.79,0.9790246935022083,434.1655,1.0000806209192858,12105.035,0.9924800890663241
com-Orkut,72,44,t256,4,11499.260999999999,0.9780577357367372,1394.0855000000001,1.0021745998826077,3784.7555,0.9329063870872486,1392.942,0.9735396559201259,437.50350000000003,1.0077695531643136,11936.764500000001,0.9786837538366256
com-Orkut,72,44,t512,4,11489.034,0.9771878888428038,1387.806,0.997660418076712,3774.5335,0.9303867608950662,1432.0635,1.000882023117812,435.5255,1.0032133194972481,11924.7025,0.9776948021455054
com-Orkut,72,44,t1024,4,11539.276000000002,0.9814611701222605,1389.086,0.9985805793493525,3808.8755,0.9388517386579232,1380.6675,0.9649608977905041,439.9975,1.0135143695271354,11976.104500000001,0.9819092023135503
