matrix,family,trajectory,evaluated_law,actual_fill,actual_iterations,actual_full_census_J,eligible_stars,nu_sum,nu_sum_star_sampling_SE,nu_covered_stars,mean_rho,rho_covered_stars,estimated_J_sum,draws,normalization,matrix_sha256,rhs_sha256
grid_2000,grids,gks,gks,21864559,47,5655388.80748094,3995425,1769025.4880903047,44491.960575398865,3995425,0.8391052303769039,3995425,5225383.986755702,3328,ideal clique,cb219363c7f53621093e73c182691ec1e625520c7ca614eafeee025d26b6b3b6,48e488193f603aaaa76e1edf10fb0386bb3ba1ec00c8d90da98e73640e338c23
grid_2000,grids,gks,prufer,,,,3995425,1455050.1009960282,45640.83925039622,3995425,0.7563300017540678,3995425,4733140.727972988,3328,ideal clique,cb219363c7f53621093e73c182691ec1e625520c7ca614eafeee025d26b6b3b6,48e488193f603aaaa76e1edf10fb0386bb3ba1ec00c8d90da98e73640e338c23
grid_2000,grids,gks,trace_cycle,,,,3995425,726603.7394373149,68785.62091827474,3995425,0.5240749112744085,3995425,2323855.9882868323,3328,ideal clique,cb219363c7f53621093e73c182691ec1e625520c7ca614eafeee025d26b6b3b6,48e488193f603aaaa76e1edf10fb0386bb3ba1ec00c8d90da98e73640e338c23
grid_2000,grids,gks,heavy_core_k2,,,,3995425,,,,0.5194453545450678,3995425,2278766.5974016646,3328,ideal clique,cb219363c7f53621093e73c182691ec1e625520c7ca614eafeee025d26b6b3b6,48e488193f603aaaa76e1edf10fb0386bb3ba1ec00c8d90da98e73640e338c23
grid_2000,grids,trace_cycle,gks,,,,3999994,2016788.7415671353,35779.53704932058,3999994,1.0115396271197767,3999994,8088430.183082369,4288,ideal clique,cb219363c7f53621093e73c182691ec1e625520c7ca614eafeee025d26b6b3b6,48e488193f603aaaa76e1edf10fb0386bb3ba1ec00c8d90da98e73640e338c23
grid_2000,grids,trace_cycle,prufer,,,,3999994,1751404.9670359266,19855.741559541966,3999994,0.9175978650009716,3999994,7484177.571980429,4288,ideal clique,cb219363c7f53621093e73c182691ec1e625520c7ca614eafeee025d26b6b3b6,48e488193f603aaaa76e1edf10fb0386bb3ba1ec00c8d90da98e73640e338c23
grid_2000,grids,trace_cycle,trace_cycle,26903609,28,4568957.910228966,3999994,1031511.94279235,47533.082130025454,3999994,0.6681941911898166,3999994,4383120.5803640885,4288,ideal clique,cb219363c7f53621093e73c182691ec1e625520c7ca614eafeee025d26b6b3b6,48e488193f603aaaa76e1edf10fb0386bb3ba1ec00c8d90da98e73640e338c23
grid_2000,grids,trace_cycle,heavy_core_k2,,,,3999994,,,,0.6781454814004049,3999994,4446542.1403327305,4288,ideal clique,cb219363c7f53621093e73c182691ec1e625520c7ca614eafeee025d26b6b3b6,48e488193f603aaaa76e1edf10fb0386bb3ba1ec00c8d90da98e73640e338c23
grid_2000,grids,heavy_core_k2,gks,,,,3999993,2118907.751076943,43650.763752931496,3999993,1.052872519986684,3999993,8910988.581863018,4096,ideal clique,cb219363c7f53621093e73c182691ec1e625520c7ca614eafeee025d26b6b3b6,48e488193f603aaaa76e1edf10fb0386bb3ba1ec00c8d90da98e73640e338c23
grid_2000,grids,heavy_core_k2,prufer,,,,3999993,1795929.018904503,24871.76595966609,3999993,0.9476912769384408,3999993,8171518.296872178,4096,ideal clique,cb219363c7f53621093e73c182691ec1e625520c7ca614eafeee025d26b6b3b6,48e488193f603aaaa76e1edf10fb0386bb3ba1ec00c8d90da98e73640e338c23
grid_2000,grids,heavy_core_k2,trace_cycle,,,,3999993,1093089.6853408122,46594.0664765657,3999993,0.6927317101578243,3999993,4900682.745516129,4096,ideal clique,cb219363c7f53621093e73c182691ec1e625520c7ca614eafeee025d26b6b3b6,48e488193f603aaaa76e1edf10fb0386bb3ba1ec00c8d90da98e73640e338c23
grid_2000,grids,heavy_core_k2,heavy_core_k2,26955447,27,,3999993,,,,0.7084874563618779,3999993,4976942.001928216,4096,ideal clique,cb219363c7f53621093e73c182691ec1e625520c7ca614eafeee025d26b6b3b6,48e488193f603aaaa76e1edf10fb0386bb3ba1ec00c8d90da98e73640e338c23
grid_2000,grids,prufer,gks,,,,3991696,1902401.6684613402,32735.207482863945,3991696,0.9243370768501422,3991696,6226398.102050234,3904,ideal clique,cb219363c7f53621093e73c182691ec1e625520c7ca614eafeee025d26b6b3b6,48e488193f603aaaa76e1edf10fb0386bb3ba1ec00c8d90da98e73640e338c23
grid_2000,grids,prufer,prufer,21967937,52,5174169.081963018,3991696,1573913.8663890986,20574.376237788256,3991696,0.8251386673383874,3991696,5458085.265292964,3904,ideal clique,cb219363c7f53621093e73c182691ec1e625520c7ca614eafeee025d26b6b3b6,48e488193f603aaaa76e1edf10fb0386bb3ba1ec00c8d90da98e73640e338c23
grid_2000,grids,prufer,trace_cycle,,,,3991696,771551.5222093732,29422.658581338026,3991696,0.5603794735428802,3991696,2656134.3442333927,3904,ideal clique,cb219363c7f53621093e73c182691ec1e625520c7ca614eafeee025d26b6b3b6,48e488193f603aaaa76e1edf10fb0386bb3ba1ec00c8d90da98e73640e338c23
grid_2000,grids,prufer,heavy_core_k2,,,,3991696,,,,0.5629841632150997,3991696,2649334.8960218886,3904,ideal clique,cb219363c7f53621093e73c182691ec1e625520c7ca614eafeee025d26b6b3b6,48e488193f603aaaa76e1edf10fb0386bb3ba1ec00c8d90da98e73640e338c23
iter0040,ipm,gks,gks,4623065,46,717378.3959695065,524284,161125.40904992408,23487.98760848698,524284,0.6538843807435146,524284,480964.8000671947,1472,ideal clique,fae9a4b9ebf784bf6ae7cf52ada98df8ff4598ec5b8b16ea9ff088bca092fcb2,90373d80697398004afc154826ff3ff9f75753b12b81377d57d1bcabea2c28f8
iter0040,ipm,gks,prufer,,,,524284,160465.89323786253,20364.258714844877,524284,0.6700151733122531,524284,566360.2121060706,1472,ideal clique,fae9a4b9ebf784bf6ae7cf52ada98df8ff4598ec5b8b16ea9ff088bca092fcb2,90373d80697398004afc154826ff3ff9f75753b12b81377d57d1bcabea2c28f8
iter0040,ipm,gks,trace_cycle,,,,524284,90358.43083266423,32179.952965166016,524284,0.404215916079771,524284,277876.2592083486,1472,ideal clique,fae9a4b9ebf784bf6ae7cf52ada98df8ff4598ec5b8b16ea9ff088bca092fcb2,90373d80697398004afc154826ff3ff9f75753b12b81377d57d1bcabea2c28f8
iter0040,ipm,gks,heavy_core_k2,,,,524284,,,,0.40511028476992195,524284,279228.98046628654,1472,ideal clique,fae9a4b9ebf784bf6ae7cf52ada98df8ff4598ec5b8b16ea9ff088bca092fcb2,90373d80697398004afc154826ff3ff9f75753b12b81377d57d1bcabea2c28f8
iter0040,ipm,trace_cycle,gks,,,,524284,239343.47445980427,22051.019146279483,524284,0.9082665246487089,524284,931795.4278390179,1536,ideal clique,fae9a4b9ebf784bf6ae7cf52ada98df8ff4598ec5b8b16ea9ff088bca092fcb2,90373d80697398004afc154826ff3ff9f75753b12b81377d57d1bcabea2c28f8
iter0040,ipm,trace_cycle,prufer,,,,524284,227039.913335553,17391.457605368538,524284,0.9246433368410677,524284,1000400.8751578198,1536,ideal clique,fae9a4b9ebf784bf6ae7cf52ada98df8ff4598ec5b8b16ea9ff088bca092fcb2,90373d80697398004afc154826ff3ff9f75753b12b81377d57d1bcabea2c28f8
iter0040,ipm,trace_cycle,trace_cycle,5150835,27,621106.7813833652,524284,155776.49987713684,24340.744132692565,524284,0.6886055612446855,524284,618811.7179234881,1536,ideal clique,fae9a4b9ebf784bf6ae7cf52ada98df8ff4598ec5b8b16ea9ff088bca092fcb2,90373d80697398004afc154826ff3ff9f75753b12b81377d57d1bcabea2c28f8
iter0040,ipm,trace_cycle,heavy_core_k2,,,,524284,,,,0.7075252418791705,524284,642852.52343084,1536,ideal clique,fae9a4b9ebf784bf6ae7cf52ada98df8ff4598ec5b8b16ea9ff088bca092fcb2,90373d80697398004afc154826ff3ff9f75753b12b81377d57d1bcabea2c28f8
iter0040,ipm,heavy_core_k2,gks,,,,524284,247607.9801365687,14625.314757514503,524284,0.9473483647796197,524284,1022763.1866808962,1472,ideal clique,fae9a4b9ebf784bf6ae7cf52ada98df8ff4598ec5b8b16ea9ff088bca092fcb2,90373d80697398004afc154826ff3ff9f75753b12b81377d57d1bcabea2c28f8
iter0040,ipm,heavy_core_k2,prufer,,,,524284,235647.16084976844,9213.011077986483,524284,0.9716215288421549,524284,1127569.9227394937,1472,ideal clique,fae9a4b9ebf784bf6ae7cf52ada98df8ff4598ec5b8b16ea9ff088bca092fcb2,90373d80697398004afc154826ff3ff9f75753b12b81377d57d1bcabea2c28f8
iter0040,ipm,heavy_core_k2,trace_cycle,,,,524284,172221.1564814299,12134.57036957488,524284,0.8292243521677272,524284,834300.5886707506,1472,ideal clique,fae9a4b9ebf784bf6ae7cf52ada98df8ff4598ec5b8b16ea9ff088bca092fcb2,90373d80697398004afc154826ff3ff9f75753b12b81377d57d1bcabea2c28f8
iter0040,ipm,heavy_core_k2,heavy_core_k2,5183819,27,,524284,,,,0.809993421741962,524284,795592.4718011569,1472,ideal clique,fae9a4b9ebf784bf6ae7cf52ada98df8ff4598ec5b8b16ea9ff088bca092fcb2,90373d80697398004afc154826ff3ff9f75753b12b81377d57d1bcabea2c28f8
iter0040,ipm,prufer,gks,,,,524284,195069.33065421513,32174.301648371584,524284,0.7621638047473605,524284,656060.3763018844,1536,ideal clique,fae9a4b9ebf784bf6ae7cf52ada98df8ff4598ec5b8b16ea9ff088bca092fcb2,90373d80697398004afc154826ff3ff9f75753b12b81377d57d1bcabea2c28f8
iter0040,ipm,prufer,prufer,4716448,58,762831.7896579478,524284,190637.90720066483,24566.654672299366,524284,0.7859195138857058,524284,739584.8237270813,1536,ideal clique,fae9a4b9ebf784bf6ae7cf52ada98df8ff4598ec5b8b16ea9ff088bca092fcb2,90373d80697398004afc154826ff3ff9f75753b12b81377d57d1bcabea2c28f8
iter0040,ipm,prufer,trace_cycle,,,,524284,130045.82377650213,36365.26078601527,524284,0.5250343902308033,524284,405984.0362141836,1536,ideal clique,fae9a4b9ebf784bf6ae7cf52ada98df8ff4598ec5b8b16ea9ff088bca092fcb2,90373d80697398004afc154826ff3ff9f75753b12b81377d57d1bcabea2c28f8
iter0040,ipm,prufer,heavy_core_k2,,,,524284,,,,0.5273799997631516,524284,410344.7515848383,1536,ideal clique,fae9a4b9ebf784bf6ae7cf52ada98df8ff4598ec5b8b16ea9ff088bca092fcb2,90373d80697398004afc154826ff3ff9f75753b12b81377d57d1bcabea2c28f8
as-Skitter,suitesparse,gks,gks,16749038,21,8538296.368458832,1180595,730485.5807658505,15097.574786227779,1180595,1.3069569006087953,1175969,8465139.836638028,7680,ideal clique,1571148437ef03dc2bfb5ce0f6efb5aabcddd00e6099f15453a9ca54c4da8cba,d0eb21f1489fa50768f3c5d212c7b6e4092f2caae8619c32ca9fa2f49c79a106
as-Skitter,suitesparse,gks,prufer,,,,1180595,609979.9858480272,11425.477562351854,1180595,1.179153093818907,1175969,7359352.8737582,7680,ideal clique,1571148437ef03dc2bfb5ce0f6efb5aabcddd00e6099f15453a9ca54c4da8cba,d0eb21f1489fa50768f3c5d212c7b6e4092f2caae8619c32ca9fa2f49c79a106
as-Skitter,suitesparse,gks,trace_cycle,,,,1180595,389716.7888812257,13701.588858807212,1180595,0.6891554681408052,1175969,4955451.52330214,7680,ideal clique,1571148437ef03dc2bfb5ce0f6efb5aabcddd00e6099f15453a9ca54c4da8cba,d0eb21f1489fa50768f3c5d212c7b6e4092f2caae8619c32ca9fa2f49c79a106
as-Skitter,suitesparse,gks,heavy_core_k2,,,,1180595,,,,0.7022612260624873,1175969,5019900.732127805,7680,ideal clique,1571148437ef03dc2bfb5ce0f6efb5aabcddd00e6099f15453a9ca54c4da8cba,d0eb21f1489fa50768f3c5d212c7b6e4092f2caae8619c32ca9fa2f49c79a106
as-Skitter,suitesparse,trace_cycle,gks,,,,1184583,731804.1371395595,13656.39702066841,1184583,1.307234838500002,1178955,7961656.435776424,7680,ideal clique,1571148437ef03dc2bfb5ce0f6efb5aabcddd00e6099f15453a9ca54c4da8cba,d0eb21f1489fa50768f3c5d212c7b6e4092f2caae8619c32ca9fa2f49c79a106
as-Skitter,suitesparse,trace_cycle,prufer,,,,1184583,611490.482255092,9827.450132220529,1184583,1.1608680268275673,1178955,6856837.708451112,7680,ideal clique,1571148437ef03dc2bfb5ce0f6efb5aabcddd00e6099f15453a9ca54c4da8cba,d0eb21f1489fa50768f3c5d212c7b6e4092f2caae8619c32ca9fa2f49c79a106
as-Skitter,suitesparse,trace_cycle,trace_cycle,17251989,15,5201732.8199878605,1184583,377887.9718311295,12224.849471412208,1184583,0.7023305225754594,1178955,4600701.040477249,7680,ideal clique,1571148437ef03dc2bfb5ce0f6efb5aabcddd00e6099f15453a9ca54c4da8cba,d0eb21f1489fa50768f3c5d212c7b6e4092f2caae8619c32ca9fa2f49c79a106
as-Skitter,suitesparse,trace_cycle,heavy_core_k2,,,,1184583,,,,0.7110746017054541,1178955,4665290.60076,7680,ideal clique,1571148437ef03dc2bfb5ce0f6efb5aabcddd00e6099f15453a9ca54c4da8cba,d0eb21f1489fa50768f3c5d212c7b6e4092f2caae8619c32ca9fa2f49c79a106
as-Skitter,suitesparse,heavy_core_k2,gks,,,,1184606,722671.5918368885,14729.58332519587,1184606,1.2914904018579727,1179220,7931341.090300918,7680,ideal clique,1571148437ef03dc2bfb5ce0f6efb5aabcddd00e6099f15453a9ca54c4da8cba,d0eb21f1489fa50768f3c5d212c7b6e4092f2caae8619c32ca9fa2f49c79a106
as-Skitter,suitesparse,heavy_core_k2,prufer,,,,1184606,609762.5510247619,10422.33539010698,1184606,1.166326437070532,1179220,6802394.098880516,7680,ideal clique,1571148437ef03dc2bfb5ce0f6efb5aabcddd00e6099f15453a9ca54c4da8cba,d0eb21f1489fa50768f3c5d212c7b6e4092f2caae8619c32ca9fa2f49c79a106
as-Skitter,suitesparse,heavy_core_k2,trace_cycle,,,,1184606,376548.86764907086,13635.91786142202,1184606,0.7001378165275051,1179220,4515466.799983833,7680,ideal clique,1571148437ef03dc2bfb5ce0f6efb5aabcddd00e6099f15453a9ca54c4da8cba,d0eb21f1489fa50768f3c5d212c7b6e4092f2caae8619c32ca9fa2f49c79a106
as-Skitter,suitesparse,heavy_core_k2,heavy_core_k2,17202544,14,,1184606,,,,0.7114606054307515,1179220,4589421.527944742,7680,ideal clique,1571148437ef03dc2bfb5ce0f6efb5aabcddd00e6099f15453a9ca54c4da8cba,d0eb21f1489fa50768f3c5d212c7b6e4092f2caae8619c32ca9fa2f49c79a106
as-Skitter,suitesparse,prufer,gks,,,,1180770,733069.8304335279,13858.380050112457,1180770,1.313440961021597,1175733,8525931.847299177,7680,ideal clique,1571148437ef03dc2bfb5ce0f6efb5aabcddd00e6099f15453a9ca54c4da8cba,d0eb21f1489fa50768f3c5d212c7b6e4092f2caae8619c32ca9fa2f49c79a106
as-Skitter,suitesparse,prufer,prufer,16861679,25,7432382.331413177,1180770,607827.1472502851,10125.648861065878,1180770,1.1591611325482687,1175733,7296268.712811632,7680,ideal clique,1571148437ef03dc2bfb5ce0f6efb5aabcddd00e6099f15453a9ca54c4da8cba,d0eb21f1489fa50768f3c5d212c7b6e4092f2caae8619c32ca9fa2f49c79a106
as-Skitter,suitesparse,prufer,trace_cycle,,,,1180770,389601.66707039915,13151.655912134713,1180770,0.689724386815865,1175733,4903767.642666377,7680,ideal clique,1571148437ef03dc2bfb5ce0f6efb5aabcddd00e6099f15453a9ca54c4da8cba,d0eb21f1489fa50768f3c5d212c7b6e4092f2caae8619c32ca9fa2f49c79a106
as-Skitter,suitesparse,prufer,heavy_core_k2,,,,1180770,,,,0.7069350347488159,1175733,4994449.658370531,7680,ideal clique,1571148437ef03dc2bfb5ce0f6efb5aabcddd00e6099f15453a9ca54c4da8cba,d0eb21f1489fa50768f3c5d212c7b6e4092f2caae8619c32ca9fa2f49c79a106
chimera-i1-eps0.1-step1,CAST/Chimera,gks,gks,2575182,18,1438040.0332678447,99981,68333.86606813848,912.7936651495761,99981,1.5498458154367036,96932,963924.5457768135,5376,ideal clique,bedd7d728e72465e7a745d09b877df63e39d6ecb7e24510402b49364d960e962,c307bf074052d03aceb23ebbe26ee55d3835ee265ef8e3f7553cf699389d118b
chimera-i1-eps0.1-step1,CAST/Chimera,gks,prufer,,,,99981,66998.99398401023,798.5621606859315,99981,1.4854553383107032,96932,944808.2858123214,5376,ideal clique,bedd7d728e72465e7a745d09b877df63e39d6ecb7e24510402b49364d960e962,c307bf074052d03aceb23ebbe26ee55d3835ee265ef8e3f7553cf699389d118b
chimera-i1-eps0.1-step1,CAST/Chimera,gks,trace_cycle,,,,99981,53710.771347056565,2056.668244943425,99981,1.1265260114895548,96932,775124.5675080869,5376,ideal clique,bedd7d728e72465e7a745d09b877df63e39d6ecb7e24510402b49364d960e962,c307bf074052d03aceb23ebbe26ee55d3835ee265ef8e3f7553cf699389d118b
chimera-i1-eps0.1-step1,CAST/Chimera,gks,heavy_core_k2,,,,99981,,,,1.174642245140585,96932,801665.750854258,5376,ideal clique,bedd7d728e72465e7a745d09b877df63e39d6ecb7e24510402b49364d960e962,c307bf074052d03aceb23ebbe26ee55d3835ee265ef8e3f7553cf699389d118b
chimera-i1-eps0.1-step1,CAST/Chimera,trace_cycle,gks,,,,99983,69698.7405518819,850.051311956093,99983,1.6159326895493178,95975,1098441.3165573229,5248,ideal clique,bedd7d728e72465e7a745d09b877df63e39d6ecb7e24510402b49364d960e962,c307bf074052d03aceb23ebbe26ee55d3835ee265ef8e3f7553cf699389d118b
chimera-i1-eps0.1-step1,CAST/Chimera,trace_cycle,prufer,,,,99983,69148.84107385093,488.4136799522992,99983,1.5431086065487587,95975,1092258.644389856,5248,ideal clique,bedd7d728e72465e7a745d09b877df63e39d6ecb7e24510402b49364d960e962,c307bf074052d03aceb23ebbe26ee55d3835ee265ef8e3f7553cf699389d118b
chimera-i1-eps0.1-step1,CAST/Chimera,trace_cycle,trace_cycle,3013854,15,1340529.7844464232,99983,55857.47115919694,1710.9454401043597,99983,1.1703667048112436,95975,878810.1506077577,5248,ideal clique,bedd7d728e72465e7a745d09b877df63e39d6ecb7e24510402b49364d960e962,c307bf074052d03aceb23ebbe26ee55d3835ee265ef8e3f7553cf699389d118b
chimera-i1-eps0.1-step1,CAST/Chimera,trace_cycle,heavy_core_k2,,,,99983,,,,1.2144915549713602,95975,911178.835821683,5248,ideal clique,bedd7d728e72465e7a745d09b877df63e39d6ecb7e24510402b49364d960e962,c307bf074052d03aceb23ebbe26ee55d3835ee265ef8e3f7553cf699389d118b
chimera-i1-eps0.1-step1,CAST/Chimera,heavy_core_k2,gks,,,,99983,68817.770422339,770.7930318643547,99983,1.5771591130364333,96054,1116225.4597067947,5312,ideal clique,bedd7d728e72465e7a745d09b877df63e39d6ecb7e24510402b49364d960e962,c307bf074052d03aceb23ebbe26ee55d3835ee265ef8e3f7553cf699389d118b
chimera-i1-eps0.1-step1,CAST/Chimera,heavy_core_k2,prufer,,,,99983,68915.93118700241,605.7063614881844,99983,1.521866151538082,96054,1104110.1268885878,5312,ideal clique,bedd7d728e72465e7a745d09b877df63e39d6ecb7e24510402b49364d960e962,c307bf074052d03aceb23ebbe26ee55d3835ee265ef8e3f7553cf699389d118b
chimera-i1-eps0.1-step1,CAST/Chimera,heavy_core_k2,trace_cycle,,,,99983,56154.86791796467,2938.588871201294,99983,1.1489941756178856,96054,881849.2457179251,5312,ideal clique,bedd7d728e72465e7a745d09b877df63e39d6ecb7e24510402b49364d960e962,c307bf074052d03aceb23ebbe26ee55d3835ee265ef8e3f7553cf699389d118b
chimera-i1-eps0.1-step1,CAST/Chimera,heavy_core_k2,heavy_core_k2,3005907,14,,99983,,,,1.2145589198146136,96054,924116.5433710325,5312,ideal clique,bedd7d728e72465e7a745d09b877df63e39d6ecb7e24510402b49364d960e962,c307bf074052d03aceb23ebbe26ee55d3835ee265ef8e3f7553cf699389d118b
chimera-i1-eps0.1-step1,CAST/Chimera,prufer,gks,,,,99982,69067.3102798473,882.7879760797329,99982,1.5826331343986118,96964,980965.2435387581,5248,ideal clique,bedd7d728e72465e7a745d09b877df63e39d6ecb7e24510402b49364d960e962,c307bf074052d03aceb23ebbe26ee55d3835ee265ef8e3f7553cf699389d118b
chimera-i1-eps0.1-step1,CAST/Chimera,prufer,prufer,2605642,18,1341634.563765606,99982,67550.44007523025,665.156165397414,99982,1.4710106076222162,96964,969375.5711720608,5248,ideal clique,bedd7d728e72465e7a745d09b877df63e39d6ecb7e24510402b49364d960e962,c307bf074052d03aceb23ebbe26ee55d3835ee265ef8e3f7553cf699389d118b
chimera-i1-eps0.1-step1,CAST/Chimera,prufer,trace_cycle,,,,99982,53993.99225382955,2305.0995309631357,99982,1.1339345556784681,96964,786273.6469137678,5248,ideal clique,bedd7d728e72465e7a745d09b877df63e39d6ecb7e24510402b49364d960e962,c307bf074052d03aceb23ebbe26ee55d3835ee265ef8e3f7553cf699389d118b
chimera-i1-eps0.1-step1,CAST/Chimera,prufer,heavy_core_k2,,,,99982,,,,1.1858740906454446,96964,814644.263795447,5248,ideal clique,bedd7d728e72465e7a745d09b877df63e39d6ecb7e24510402b49364d960e962,c307bf074052d03aceb23ebbe26ee55d3835ee265ef8e3f7553cf699389d118b
