case	weights	metric	sampler	alpha	value	edge_marginal_min	optimizer_converged
uniform	1,1,1,1	degree_rms	gks		0.4714045208	0.3333333333	not-applicable
uniform	1,1,1,1	degree_rms	best-found-all-tree		0.2985013717	0.4198064593	true
uniform	1,1,1,1	degree_rms	ptree	0.00	0.4082482905	0.5	not-applicable
uniform	1,1,1,1	degree_rms	ptree	0.05	0.4082482905	0.5	not-applicable
uniform	1,1,1,1	degree_rms	ptree	0.10	0.4082482905	0.5	not-applicable
uniform	1,1,1,1	degree_rms	ptree	0.15	0.4082482905	0.5	not-applicable
uniform	1,1,1,1	degree_rms	ptree	0.20	0.4082482905	0.5	not-applicable
uniform	1,1,1,1	degree_rms	ptree	0.25	0.4082482905	0.5	not-applicable
uniform	1,1,1,1	degree_rms	ptree	0.30	0.4082482905	0.5	not-applicable
uniform	1,1,1,1	degree_rms	ptree	0.35	0.4082482905	0.5	not-applicable
uniform	1,1,1,1	degree_rms	ptree	0.40	0.4082482905	0.5	not-applicable
uniform	1,1,1,1	degree_rms	ptree	0.45	0.4082482905	0.5	not-applicable
uniform	1,1,1,1	degree_rms	ptree	0.50	0.4082482905	0.5	not-applicable
uniform	1,1,1,1	degree_rms	ptree	0.55	0.4082482905	0.5	not-applicable
uniform	1,1,1,1	degree_rms	ptree	0.60	0.4082482905	0.5	not-applicable
uniform	1,1,1,1	degree_rms	ptree	0.65	0.4082482905	0.5	not-applicable
uniform	1,1,1,1	degree_rms	ptree	0.70	0.4082482905	0.5	not-applicable
uniform	1,1,1,1	degree_rms	ptree	0.75	0.4082482905	0.5	not-applicable
uniform	1,1,1,1	degree_rms	ptree	0.80	0.4082482905	0.5	not-applicable
uniform	1,1,1,1	degree_rms	ptree	0.85	0.4082482905	0.5	not-applicable
uniform	1,1,1,1	degree_rms	ptree	0.90	0.4082482905	0.5	not-applicable
uniform	1,1,1,1	degree_rms	ptree	0.95	0.4082482905	0.5	not-applicable
uniform	1,1,1,1	degree_rms	ptree	1.00	0.4082482905	0.5	not-applicable
uniform	1,1,1,1	degree_rms	ptree	1.05	0.4082482905	0.5	not-applicable
uniform	1,1,1,1	degree_rms	ptree	1.10	0.4082482905	0.5	not-applicable
uniform	1,1,1,1	degree_rms	ptree	1.15	0.4082482905	0.5	not-applicable
uniform	1,1,1,1	degree_rms	ptree	1.20	0.4082482905	0.5	not-applicable
uniform	1,1,1,1	degree_rms	ptree	1.25	0.4082482905	0.5	not-applicable
uniform	1,1,1,1	degree_rms	ptree	1.30	0.4082482905	0.5	not-applicable
uniform	1,1,1,1	degree_rms	ptree	1.35	0.4082482905	0.5	not-applicable
uniform	1,1,1,1	degree_rms	ptree	1.40	0.4082482905	0.5	not-applicable
uniform	1,1,1,1	degree_rms	ptree	1.45	0.4082482905	0.5	not-applicable
uniform	1,1,1,1	degree_rms	ptree	1.50	0.4082482905	0.5	not-applicable
uniform	1,1,1,1	degree_rms	ptree	1.55	0.4082482905	0.5	not-applicable
uniform	1,1,1,1	degree_rms	ptree	1.60	0.4082482905	0.5	not-applicable
uniform	1,1,1,1	degree_rms	ptree	1.65	0.4082482905	0.5	not-applicable
uniform	1,1,1,1	degree_rms	ptree	1.70	0.4082482905	0.5	not-applicable
uniform	1,1,1,1	degree_rms	ptree	1.75	0.4082482905	0.5	not-applicable
uniform	1,1,1,1	degree_rms	ptree	1.80	0.4082482905	0.5	not-applicable
uniform	1,1,1,1	degree_rms	ptree	1.85	0.4082482905	0.5	not-applicable
uniform	1,1,1,1	degree_rms	ptree	1.90	0.4082482905	0.5	not-applicable
uniform	1,1,1,1	degree_rms	ptree	1.95	0.4082482905	0.5	not-applicable
uniform	1,1,1,1	degree_rms	ptree	2.00	0.4082482905	0.5	not-applicable
uniform	1,1,1,1	degree_rms	ptree	2.05	0.4082482905	0.5	not-applicable
uniform	1,1,1,1	degree_rms	ptree	2.10	0.4082482905	0.5	not-applicable
uniform	1,1,1,1	degree_rms	ptree	2.15	0.4082482905	0.5	not-applicable
uniform	1,1,1,1	degree_rms	ptree	2.20	0.4082482905	0.5	not-applicable
uniform	1,1,1,1	degree_rms	ptree	2.25	0.4082482905	0.5	not-applicable
uniform	1,1,1,1	degree_rms	ptree	2.30	0.4082482905	0.5	not-applicable
uniform	1,1,1,1	degree_rms	ptree	2.35	0.4082482905	0.5	not-applicable
uniform	1,1,1,1	degree_rms	ptree	2.40	0.4082482905	0.5	not-applicable
uniform	1,1,1,1	degree_rms	ptree	2.45	0.4082482905	0.5	not-applicable
uniform	1,1,1,1	degree_rms	ptree	2.50	0.4082482905	0.5	not-applicable
uniform	1,1,1,1	degree_rms	ptree	2.55	0.4082482905	0.5	not-applicable
uniform	1,1,1,1	degree_rms	ptree	2.60	0.4082482905	0.5	not-applicable
uniform	1,1,1,1	degree_rms	ptree	2.65	0.4082482905	0.5	not-applicable
uniform	1,1,1,1	degree_rms	ptree	2.70	0.4082482905	0.5	not-applicable
uniform	1,1,1,1	degree_rms	ptree	2.75	0.4082482905	0.5	not-applicable
uniform	1,1,1,1	degree_rms	ptree	2.80	0.4082482905	0.5	not-applicable
uniform	1,1,1,1	degree_rms	ptree	2.85	0.4082482905	0.5	not-applicable
uniform	1,1,1,1	degree_rms	ptree	2.90	0.4082482905	0.5	not-applicable
uniform	1,1,1,1	degree_rms	ptree	2.95	0.4082482905	0.5	not-applicable
uniform	1,1,1,1	degree_rms	ptree	3.00	0.4082482905	0.5	not-applicable
uniform	1,1,1,1	expected_normalized_spectral	gks		0.9482562914	0.3333333333	not-applicable
uniform	1,1,1,1	expected_normalized_spectral	best-found-all-tree		0.7071098376	0.4999999921	true
uniform	1,1,1,1	expected_normalized_spectral	ptree	0.00	0.7803300859	0.5	not-applicable
uniform	1,1,1,1	expected_normalized_spectral	ptree	0.05	0.7803300859	0.5	not-applicable
uniform	1,1,1,1	expected_normalized_spectral	ptree	0.10	0.7803300859	0.5	not-applicable
uniform	1,1,1,1	expected_normalized_spectral	ptree	0.15	0.7803300859	0.5	not-applicable
uniform	1,1,1,1	expected_normalized_spectral	ptree	0.20	0.7803300859	0.5	not-applicable
uniform	1,1,1,1	expected_normalized_spectral	ptree	0.25	0.7803300859	0.5	not-applicable
uniform	1,1,1,1	expected_normalized_spectral	ptree	0.30	0.7803300859	0.5	not-applicable
uniform	1,1,1,1	expected_normalized_spectral	ptree	0.35	0.7803300859	0.5	not-applicable
uniform	1,1,1,1	expected_normalized_spectral	ptree	0.40	0.7803300859	0.5	not-applicable
uniform	1,1,1,1	expected_normalized_spectral	ptree	0.45	0.7803300859	0.5	not-applicable
uniform	1,1,1,1	expected_normalized_spectral	ptree	0.50	0.7803300859	0.5	not-applicable
uniform	1,1,1,1	expected_normalized_spectral	ptree	0.55	0.7803300859	0.5	not-applicable
uniform	1,1,1,1	expected_normalized_spectral	ptree	0.60	0.7803300859	0.5	not-applicable
uniform	1,1,1,1	expected_normalized_spectral	ptree	0.65	0.7803300859	0.5	not-applicable
uniform	1,1,1,1	expected_normalized_spectral	ptree	0.70	0.7803300859	0.5	not-applicable
uniform	1,1,1,1	expected_normalized_spectral	ptree	0.75	0.7803300859	0.5	not-applicable
uniform	1,1,1,1	expected_normalized_spectral	ptree	0.80	0.7803300859	0.5	not-applicable
uniform	1,1,1,1	expected_normalized_spectral	ptree	0.85	0.7803300859	0.5	not-applicable
uniform	1,1,1,1	expected_normalized_spectral	ptree	0.90	0.7803300859	0.5	not-applicable
uniform	1,1,1,1	expected_normalized_spectral	ptree	0.95	0.7803300859	0.5	not-applicable
uniform	1,1,1,1	expected_normalized_spectral	ptree	1.00	0.7803300859	0.5	not-applicable
uniform	1,1,1,1	expected_normalized_spectral	ptree	1.05	0.7803300859	0.5	not-applicable
uniform	1,1,1,1	expected_normalized_spectral	ptree	1.10	0.7803300859	0.5	not-applicable
uniform	1,1,1,1	expected_normalized_spectral	ptree	1.15	0.7803300859	0.5	not-applicable
uniform	1,1,1,1	expected_normalized_spectral	ptree	1.20	0.7803300859	0.5	not-applicable
uniform	1,1,1,1	expected_normalized_spectral	ptree	1.25	0.7803300859	0.5	not-applicable
uniform	1,1,1,1	expected_normalized_spectral	ptree	1.30	0.7803300859	0.5	not-applicable
uniform	1,1,1,1	expected_normalized_spectral	ptree	1.35	0.7803300859	0.5	not-applicable
uniform	1,1,1,1	expected_normalized_spectral	ptree	1.40	0.7803300859	0.5	not-applicable
uniform	1,1,1,1	expected_normalized_spectral	ptree	1.45	0.7803300859	0.5	not-applicable
uniform	1,1,1,1	expected_normalized_spectral	ptree	1.50	0.7803300859	0.5	not-applicable
uniform	1,1,1,1	expected_normalized_spectral	ptree	1.55	0.7803300859	0.5	not-applicable
uniform	1,1,1,1	expected_normalized_spectral	ptree	1.60	0.7803300859	0.5	not-applicable
uniform	1,1,1,1	expected_normalized_spectral	ptree	1.65	0.7803300859	0.5	not-applicable
uniform	1,1,1,1	expected_normalized_spectral	ptree	1.70	0.7803300859	0.5	not-applicable
uniform	1,1,1,1	expected_normalized_spectral	ptree	1.75	0.7803300859	0.5	not-applicable
uniform	1,1,1,1	expected_normalized_spectral	ptree	1.80	0.7803300859	0.5	not-applicable
uniform	1,1,1,1	expected_normalized_spectral	ptree	1.85	0.7803300859	0.5	not-applicable
uniform	1,1,1,1	expected_normalized_spectral	ptree	1.90	0.7803300859	0.5	not-applicable
uniform	1,1,1,1	expected_normalized_spectral	ptree	1.95	0.7803300859	0.5	not-applicable
uniform	1,1,1,1	expected_normalized_spectral	ptree	2.00	0.7803300859	0.5	not-applicable
uniform	1,1,1,1	expected_normalized_spectral	ptree	2.05	0.7803300859	0.5	not-applicable
uniform	1,1,1,1	expected_normalized_spectral	ptree	2.10	0.7803300859	0.5	not-applicable
uniform	1,1,1,1	expected_normalized_spectral	ptree	2.15	0.7803300859	0.5	not-applicable
uniform	1,1,1,1	expected_normalized_spectral	ptree	2.20	0.7803300859	0.5	not-applicable
uniform	1,1,1,1	expected_normalized_spectral	ptree	2.25	0.7803300859	0.5	not-applicable
uniform	1,1,1,1	expected_normalized_spectral	ptree	2.30	0.7803300859	0.5	not-applicable
uniform	1,1,1,1	expected_normalized_spectral	ptree	2.35	0.7803300859	0.5	not-applicable
uniform	1,1,1,1	expected_normalized_spectral	ptree	2.40	0.7803300859	0.5	not-applicable
uniform	1,1,1,1	expected_normalized_spectral	ptree	2.45	0.7803300859	0.5	not-applicable
uniform	1,1,1,1	expected_normalized_spectral	ptree	2.50	0.7803300859	0.5	not-applicable
uniform	1,1,1,1	expected_normalized_spectral	ptree	2.55	0.7803300859	0.5	not-applicable
uniform	1,1,1,1	expected_normalized_spectral	ptree	2.60	0.7803300859	0.5	not-applicable
uniform	1,1,1,1	expected_normalized_spectral	ptree	2.65	0.7803300859	0.5	not-applicable
uniform	1,1,1,1	expected_normalized_spectral	ptree	2.70	0.7803300859	0.5	not-applicable
uniform	1,1,1,1	expected_normalized_spectral	ptree	2.75	0.7803300859	0.5	not-applicable
uniform	1,1,1,1	expected_normalized_spectral	ptree	2.80	0.7803300859	0.5	not-applicable
uniform	1,1,1,1	expected_normalized_spectral	ptree	2.85	0.7803300859	0.5	not-applicable
uniform	1,1,1,1	expected_normalized_spectral	ptree	2.90	0.7803300859	0.5	not-applicable
uniform	1,1,1,1	expected_normalized_spectral	ptree	2.95	0.7803300859	0.5	not-applicable
uniform	1,1,1,1	expected_normalized_spectral	ptree	3.00	0.7803300859	0.5	not-applicable
graded	1,2,4,8	degree_rms	gks		0.248819555	0.1428571429	not-applicable
graded	1,2,4,8	degree_rms	best-found-all-tree		0.145933561	0.2046820116	true
graded	1,2,4,8	degree_rms	ptree	0.00	0.5921196271	0.5	not-applicable
graded	1,2,4,8	degree_rms	ptree	0.05	0.5734469511	0.4826782552	not-applicable
graded	1,2,4,8	degree_rms	ptree	0.10	0.5555142879	0.4653980386	not-applicable
graded	1,2,4,8	degree_rms	ptree	0.15	0.5382886475	0.4482004813	not-applicable
graded	1,2,4,8	degree_rms	ptree	0.20	0.5217389517	0.4311259278	not-applicable
graded	1,2,4,8	degree_rms	ptree	0.25	0.5058363495	0.4142135624	not-applicable
graded	1,2,4,8	degree_rms	ptree	0.30	0.4905544891	0.3975010593	not-applicable
graded	1,2,4,8	degree_rms	ptree	0.35	0.4758697392	0.3810242613	not-applicable
graded	1,2,4,8	degree_rms	ptree	0.40	0.4617613516	0.3648168943	not-applicable
graded	1,2,4,8	degree_rms	ptree	0.45	0.4482115672	0.3489103202	not-applicable
graded	1,2,4,8	degree_rms	ptree	0.50	0.4352056633	0.3333333333	not-applicable
graded	1,2,4,8	degree_rms	ptree	0.55	0.4227319483	0.3181120002	not-applicable
graded	1,2,4,8	degree_rms	ptree	0.60	0.4107817079	0.303269545	not-applicable
graded	1,2,4,8	degree_rms	ptree	0.65	0.3993491095	0.2888262794	not-applicable
graded	1,2,4,8	degree_rms	ptree	0.70	0.3884310713	0.2747995747	not-applicable
graded	1,2,4,8	degree_rms	ptree	0.75	0.3780270991	0.261203875	not-applicable
graded	1,2,4,8	degree_rms	ptree	0.80	0.3681390983	0.248050747	not-applicable
graded	1,2,4,8	degree_rms	ptree	0.85	0.3587711601	0.2353489631	not-applicable
graded	1,2,4,8	degree_rms	ptree	0.90	0.349929327	0.2231046132	not-applicable
graded	1,2,4,8	degree_rms	ptree	0.95	0.3416213339	0.2113212411	not-applicable
graded	1,2,4,8	degree_rms	ptree	1.00	0.3338563267	0.2	not-applicable
graded	1,2,4,8	degree_rms	ptree	1.05	0.3266445572	0.1891398239	not-applicable
graded	1,2,4,8	degree_rms	ptree	1.10	0.3199970526	0.1787376092	not-applicable
graded	1,2,4,8	degree_rms	ptree	1.15	0.3139252616	0.1687884029	not-applicable
graded	1,2,4,8	degree_rms	ptree	1.20	0.3084406798	0.1592855941	not-applicable
graded	1,2,4,8	degree_rms	ptree	1.25	0.3035544591	0.1502211048	not-applicable
graded	1,2,4,8	degree_rms	ptree	1.30	0.299277011	0.1415855776	not-applicable
graded	1,2,4,8	degree_rms	ptree	1.35	0.2956176134	0.1333685574	not-applicable
graded	1,2,4,8	degree_rms	ptree	1.40	0.2925840371	0.1255586653	not-applicable
graded	1,2,4,8	degree_rms	ptree	1.45	0.2901822073	0.1181437639	not-applicable
graded	1,2,4,8	degree_rms	ptree	1.50	0.2884159159	0.1111111111	not-applicable
graded	1,2,4,8	degree_rms	ptree	1.55	0.2872866027	0.1044475032	not-applicable
graded	1,2,4,8	degree_rms	ptree	1.60	0.2867932156	0.09813940601	not-applicable
graded	1,2,4,8	degree_rms	ptree	1.65	0.2869321608	0.09217307447	not-applicable
graded	1,2,4,8	degree_rms	ptree	1.70	0.2876973439	0.08653465936	not-applicable
graded	1,2,4,8	degree_rms	ptree	1.75	0.2890803015	0.08121030314	not-applicable
graded	1,2,4,8	degree_rms	ptree	1.80	0.2910704116	0.07618622409	not-applicable
graded	1,2,4,8	degree_rms	ptree	1.85	0.2936551716	0.07144878969	not-applicable
graded	1,2,4,8	degree_rms	ptree	1.90	0.2968205256	0.06698457989	not-applicable
graded	1,2,4,8	degree_rms	ptree	1.95	0.300551223	0.06278044076	not-applicable
graded	1,2,4,8	degree_rms	ptree	2.00	0.304831189	0.05882352941	not-applicable
graded	1,2,4,8	degree_rms	ptree	2.05	0.3096438906	0.05510135083	not-applicable
graded	1,2,4,8	degree_rms	ptree	2.10	0.3149726835	0.05160178739	not-applicable
graded	1,2,4,8	degree_rms	ptree	2.15	0.3208011299	0.04831312172	not-applicable
graded	1,2,4,8	degree_rms	ptree	2.20	0.3271132777	0.04522405372	not-applicable
graded	1,2,4,8	degree_rms	ptree	2.25	0.3338938997	0.04232371232	not-applicable
graded	1,2,4,8	degree_rms	ptree	2.30	0.3411286896	0.03960166261	not-applicable
graded	1,2,4,8	degree_rms	ptree	2.35	0.3488044174	0.03704790897	not-applicable
graded	1,2,4,8	degree_rms	ptree	2.40	0.3569090463	0.03465289474	not-applicable
graded	1,2,4,8	degree_rms	ptree	2.45	0.3654318152	0.03240749891	not-applicable
graded	1,2,4,8	degree_rms	ptree	2.50	0.3743632923	0.0303030303	not-applicable
graded	1,2,4,8	degree_rms	ptree	2.55	0.3836954029	0.02833121965	not-applicable
graded	1,2,4,8	degree_rms	ptree	2.60	0.3934214374	0.02648420998	not-applicable
graded	1,2,4,8	degree_rms	ptree	2.65	0.403536044	0.02475454554	not-applicable
graded	1,2,4,8	degree_rms	ptree	2.70	0.4140352079	0.02313515971	not-applicable
graded	1,2,4,8	degree_rms	ptree	2.75	0.424916223	0.02161936199	not-applicable
graded	1,2,4,8	degree_rms	ptree	2.80	0.4361776574	0.02020082442	not-applicable
graded	1,2,4,8	degree_rms	ptree	2.85	0.4478193147	0.01887356759	not-applicable
graded	1,2,4,8	degree_rms	ptree	2.90	0.4598421948	0.01763194636	not-applicable
graded	1,2,4,8	degree_rms	ptree	2.95	0.472248453	0.01647063551	not-applicable
graded	1,2,4,8	degree_rms	ptree	3.00	0.4850413616	0.01538461538	not-applicable
graded	1,2,4,8	expected_normalized_spectral	gks		0.543749421	0.1428571429	not-applicable
graded	1,2,4,8	expected_normalized_spectral	best-found-all-tree		0.4970945693	0.1904721512	true
graded	1,2,4,8	expected_normalized_spectral	ptree	0.00	0.9303970649	0.5	not-applicable
graded	1,2,4,8	expected_normalized_spectral	ptree	0.05	0.9084002252	0.4826782552	not-applicable
graded	1,2,4,8	expected_normalized_spectral	ptree	0.10	0.8862585027	0.4653980386	not-applicable
graded	1,2,4,8	expected_normalized_spectral	ptree	0.15	0.8658188337	0.4482004813	not-applicable
graded	1,2,4,8	expected_normalized_spectral	ptree	0.20	0.8456377013	0.4311259278	not-applicable
graded	1,2,4,8	expected_normalized_spectral	ptree	0.25	0.8262145844	0.4142135624	not-applicable
graded	1,2,4,8	expected_normalized_spectral	ptree	0.30	0.8081723279	0.3975010593	not-applicable
graded	1,2,4,8	expected_normalized_spectral	ptree	0.35	0.7901770807	0.3810242613	not-applicable
graded	1,2,4,8	expected_normalized_spectral	ptree	0.40	0.7721052063	0.3648168943	not-applicable
graded	1,2,4,8	expected_normalized_spectral	ptree	0.45	0.7540456438	0.3489103202	not-applicable
graded	1,2,4,8	expected_normalized_spectral	ptree	0.50	0.7360870588	0.3333333333	not-applicable
graded	1,2,4,8	expected_normalized_spectral	ptree	0.55	0.7187445312	0.3181120002	not-applicable
graded	1,2,4,8	expected_normalized_spectral	ptree	0.60	0.7016869395	0.303269545	not-applicable
graded	1,2,4,8	expected_normalized_spectral	ptree	0.65	0.6848747907	0.2888262794	not-applicable
graded	1,2,4,8	expected_normalized_spectral	ptree	0.70	0.6683904225	0.2747995747	not-applicable
graded	1,2,4,8	expected_normalized_spectral	ptree	0.75	0.6523155103	0.261203875	not-applicable
graded	1,2,4,8	expected_normalized_spectral	ptree	0.80	0.6367297932	0.248050747	not-applicable
graded	1,2,4,8	expected_normalized_spectral	ptree	0.85	0.6217095856	0.2353489631	not-applicable
graded	1,2,4,8	expected_normalized_spectral	ptree	0.90	0.6073261682	0.2231046132	not-applicable
graded	1,2,4,8	expected_normalized_spectral	ptree	0.95	0.5937595532	0.2113212411	not-applicable
graded	1,2,4,8	expected_normalized_spectral	ptree	1.00	0.5807200319	0.2	not-applicable
graded	1,2,4,8	expected_normalized_spectral	ptree	1.05	0.577544714	0.1891398239	not-applicable
graded	1,2,4,8	expected_normalized_spectral	ptree	1.10	0.5750313911	0.1787376092	not-applicable
graded	1,2,4,8	expected_normalized_spectral	ptree	1.15	0.5735820984	0.1687884029	not-applicable
graded	1,2,4,8	expected_normalized_spectral	ptree	1.20	0.5730814635	0.1592855941	not-applicable
graded	1,2,4,8	expected_normalized_spectral	ptree	1.25	0.5734484879	0.1502211048	not-applicable
graded	1,2,4,8	expected_normalized_spectral	ptree	1.30	0.5771141342	0.1415855776	not-applicable
graded	1,2,4,8	expected_normalized_spectral	ptree	1.35	0.5870750138	0.1333685574	not-applicable
graded	1,2,4,8	expected_normalized_spectral	ptree	1.40	0.5979366402	0.1255586653	not-applicable
graded	1,2,4,8	expected_normalized_spectral	ptree	1.45	0.6096039858	0.1181437639	not-applicable
graded	1,2,4,8	expected_normalized_spectral	ptree	1.50	0.6219832365	0.1111111111	not-applicable
graded	1,2,4,8	expected_normalized_spectral	ptree	1.55	0.6349833126	0.1044475032	not-applicable
graded	1,2,4,8	expected_normalized_spectral	ptree	1.60	0.6485170023	0.09813940601	not-applicable
graded	1,2,4,8	expected_normalized_spectral	ptree	1.65	0.6625017516	0.09217307447	not-applicable
graded	1,2,4,8	expected_normalized_spectral	ptree	1.70	0.6768601621	0.08653465936	not-applicable
graded	1,2,4,8	expected_normalized_spectral	ptree	1.75	0.691520258	0.08121030314	not-applicable
graded	1,2,4,8	expected_normalized_spectral	ptree	1.80	0.7064155708	0.07618622409	not-applicable
graded	1,2,4,8	expected_normalized_spectral	ptree	1.85	0.7214850917	0.07144878969	not-applicable
graded	1,2,4,8	expected_normalized_spectral	ptree	1.90	0.7366731266	0.06698457989	not-applicable
graded	1,2,4,8	expected_normalized_spectral	ptree	1.95	0.7519290843	0.06278044076	not-applicable
graded	1,2,4,8	expected_normalized_spectral	ptree	2.00	0.7672072227	0.05882352941	not-applicable
graded	1,2,4,8	expected_normalized_spectral	ptree	2.05	0.7824663674	0.05510135083	not-applicable
graded	1,2,4,8	expected_normalized_spectral	ptree	2.10	0.7976696189	0.05160178739	not-applicable
graded	1,2,4,8	expected_normalized_spectral	ptree	2.15	0.8127840553	0.04831312172	not-applicable
graded	1,2,4,8	expected_normalized_spectral	ptree	2.20	0.8277804395	0.04522405372	not-applicable
graded	1,2,4,8	expected_normalized_spectral	ptree	2.25	0.8426329338	0.04232371232	not-applicable
graded	1,2,4,8	expected_normalized_spectral	ptree	2.30	0.8573188262	0.03960166261	not-applicable
graded	1,2,4,8	expected_normalized_spectral	ptree	2.35	0.8718182701	0.03704790897	not-applicable
graded	1,2,4,8	expected_normalized_spectral	ptree	2.40	0.8861140388	0.03465289474	not-applicable
graded	1,2,4,8	expected_normalized_spectral	ptree	2.45	0.9001912955	0.03240749891	not-applicable
graded	1,2,4,8	expected_normalized_spectral	ptree	2.50	0.9140373782	0.0303030303	not-applicable
graded	1,2,4,8	expected_normalized_spectral	ptree	2.55	0.9276416002	0.02833121965	not-applicable
graded	1,2,4,8	expected_normalized_spectral	ptree	2.60	0.9409950652	0.02648420998	not-applicable
graded	1,2,4,8	expected_normalized_spectral	ptree	2.65	0.9540904967	0.02475454554	not-applicable
graded	1,2,4,8	expected_normalized_spectral	ptree	2.70	0.9669220807	0.02313515971	not-applicable
graded	1,2,4,8	expected_normalized_spectral	ptree	2.75	0.9794853216	0.02161936199	not-applicable
graded	1,2,4,8	expected_normalized_spectral	ptree	2.80	0.9917769091	0.02020082442	not-applicable
graded	1,2,4,8	expected_normalized_spectral	ptree	2.85	1.003794597	0.01887356759	not-applicable
graded	1,2,4,8	expected_normalized_spectral	ptree	2.90	1.015537093	0.01763194636	not-applicable
graded	1,2,4,8	expected_normalized_spectral	ptree	2.95	1.027003956	0.01647063551	not-applicable
graded	1,2,4,8	expected_normalized_spectral	ptree	3.00	1.038195504	0.01538461538	not-applicable
two-scale	1,1,8,8	degree_rms	gks		0.1467238276	0.05882352941	not-applicable
two-scale	1,1,8,8	degree_rms	best-found-all-tree		0.04871066403	0.05971292812	true
two-scale	1,1,8,8	degree_rms	ptree	0.00	0.7506413264	0.5	not-applicable
two-scale	1,1,8,8	degree_rms	ptree	0.05	0.7119672209	0.4740303712	not-applicable
two-scale	1,1,8,8	degree_rms	ptree	0.10	0.6754503797	0.4482004813	not-applicable
two-scale	1,1,8,8	degree_rms	ptree	0.15	0.6409848998	0.4226470776	not-applicable
two-scale	1,1,8,8	degree_rms	ptree	0.20	0.6084688249	0.3975010593	not-applicable
two-scale	1,1,8,8	degree_rms	ptree	0.25	0.5778041197	0.3728848808	not-applicable
two-scale	1,1,8,8	degree_rms	ptree	0.30	0.5488966798	0.3489103202	not-applicable
two-scale	1,1,8,8	degree_rms	ptree	0.35	0.5216563632	0.3256766909	not-applicable
two-scale	1,1,8,8	degree_rms	ptree	0.40	0.4959970296	0.303269545	not-applicable
two-scale	1,1,8,8	degree_rms	ptree	0.45	0.4718365763	0.281759886	not-applicable
two-scale	1,1,8,8	degree_rms	ptree	0.50	0.4490969611	0.261203875	not-applicable
two-scale	1,1,8,8	degree_rms	ptree	0.55	0.4277042052	0.241642995	not-applicable
two-scale	1,1,8,8	degree_rms	ptree	0.60	0.4075883731	0.2231046132	not-applicable
two-scale	1,1,8,8	degree_rms	ptree	0.65	0.3886835266	0.2056028709	not-applicable
two-scale	1,1,8,8	degree_rms	ptree	0.70	0.3709276549	0.1891398239	not-applicable
two-scale	1,1,8,8	degree_rms	ptree	0.75	0.3542625818	0.1737067566	not-applicable
two-scale	1,1,8,8	degree_rms	ptree	0.80	0.3386338537	0.1592855941	not-applicable
two-scale	1,1,8,8	degree_rms	ptree	0.85	0.3239906126	0.1458503508	not-applicable
two-scale	1,1,8,8	degree_rms	ptree	0.90	0.3102854572	0.1333685574	not-applicable
two-scale	1,1,8,8	degree_rms	ptree	0.95	0.2974742971	0.1218026248	not-applicable
two-scale	1,1,8,8	degree_rms	ptree	1.00	0.2855162031	0.1111111111	not-applicable
two-scale	1,1,8,8	degree_rms	ptree	1.05	0.274373257	0.1012498712	not-applicable
two-scale	1,1,8,8	degree_rms	ptree	1.10	0.264010403	0.09217307447	not-applicable
two-scale	1,1,8,8	degree_rms	ptree	1.15	0.2543953045	0.08383408794	not-applicable
two-scale	1,1,8,8	degree_rms	ptree	1.20	0.2454982047	0.07618622409	not-applicable
two-scale	1,1,8,8	degree_rms	ptree	1.25	0.2372917959	0.06918336064	not-applicable
two-scale	1,1,8,8	degree_rms	ptree	1.30	0.229751095	0.06278044076	not-applicable
two-scale	1,1,8,8	degree_rms	ptree	1.35	0.2228533274	0.05693386502	not-applicable
two-scale	1,1,8,8	degree_rms	ptree	1.40	0.2165778191	0.05160178739	not-applicable
two-scale	1,1,8,8	degree_rms	ptree	1.45	0.2109058964	0.04674432761	not-applicable
two-scale	1,1,8,8	degree_rms	ptree	1.50	0.2058207935	0.04232371232	not-applicable
two-scale	1,1,8,8	degree_rms	ptree	1.55	0.2013075683	0.03830435634	not-applicable
two-scale	1,1,8,8	degree_rms	ptree	1.60	0.197353025	0.03465289474	not-applicable
two-scale	1,1,8,8	degree_rms	ptree	1.65	0.1939456441	0.03133817532	not-applicable
two-scale	1,1,8,8	degree_rms	ptree	1.70	0.1910755202	0.02833121965	not-applicable
two-scale	1,1,8,8	degree_rms	ptree	1.75	0.1887343057	0.02560516024	not-applicable
two-scale	1,1,8,8	degree_rms	ptree	1.80	0.1869151627	0.02313515971	not-applicable
two-scale	1,1,8,8	degree_rms	ptree	1.85	0.1856127213	0.0208983174	not-applicable
two-scale	1,1,8,8	degree_rms	ptree	1.90	0.1848230448	0.01887356759	not-applicable
two-scale	1,1,8,8	degree_rms	ptree	1.95	0.1845436026	0.01704157286	not-applicable
two-scale	1,1,8,8	degree_rms	ptree	2.00	0.1847732496	0.01538461538	not-applicable
two-scale	1,1,8,8	degree_rms	ptree	2.05	0.1855122128	0.01388648841	not-applicable
two-scale	1,1,8,8	degree_rms	ptree	2.10	0.1867620851	0.01253238958	not-applicable
two-scale	1,1,8,8	degree_rms	ptree	2.15	0.1885258248	0.01130881733	not-applicable
two-scale	1,1,8,8	degree_rms	ptree	2.20	0.1908077622	0.01020347148	not-applicable
two-scale	1,1,8,8	degree_rms	ptree	2.25	0.193613612	0.0092051584	not-applicable
two-scale	1,1,8,8	degree_rms	ptree	2.30	0.1969504912	0.008303701373	not-applicable
two-scale	1,1,8,8	degree_rms	ptree	2.35	0.2008269419	0.007489856286	not-applicable
two-scale	1,1,8,8	degree_rms	ptree	2.40	0.2052529589	0.006755232747	not-applicable
two-scale	1,1,8,8	degree_rms	ptree	2.45	0.2102400226	0.006092220613	not-applicable
two-scale	1,1,8,8	degree_rms	ptree	2.50	0.2158011344	0.005493921811	not-applicable
two-scale	1,1,8,8	degree_rms	ptree	2.55	0.2219508573	0.004954087276	not-applicable
two-scale	1,1,8,8	degree_rms	ptree	2.60	0.2287053598	0.004467058797	not-applicable
two-scale	1,1,8,8	degree_rms	ptree	2.65	0.2360824635	0.004027715513	not-applicable
two-scale	1,1,8,8	degree_rms	ptree	2.70	0.2441016943	0.003631424814	not-applicable
two-scale	1,1,8,8	degree_rms	ptree	2.75	0.2527843377	0.003273997354	not-applicable
two-scale	1,1,8,8	degree_rms	ptree	2.80	0.262153498	0.002951645914	not-applicable
two-scale	1,1,8,8	degree_rms	ptree	2.85	0.2722341619	0.002660947842	not-applicable
two-scale	1,1,8,8	degree_rms	ptree	2.90	0.2830532659	0.002398810802	not-applicable
two-scale	1,1,8,8	degree_rms	ptree	2.95	0.2946397694	0.002162441588	not-applicable
two-scale	1,1,8,8	degree_rms	ptree	3.00	0.3070247319	0.001949317739	not-applicable
two-scale	1,1,8,8	expected_normalized_spectral	gks		0.4304093427	0.05882352941	not-applicable
two-scale	1,1,8,8	expected_normalized_spectral	best-found-all-tree		0.3994292103	0.1016699823	true
two-scale	1,1,8,8	expected_normalized_spectral	ptree	0.00	0.9427663445	0.5	not-applicable
two-scale	1,1,8,8	expected_normalized_spectral	ptree	0.05	0.9203120603	0.4740303712	not-applicable
two-scale	1,1,8,8	expected_normalized_spectral	ptree	0.10	0.8962613712	0.4482004813	not-applicable
two-scale	1,1,8,8	expected_normalized_spectral	ptree	0.15	0.8708492358	0.4226470776	not-applicable
two-scale	1,1,8,8	expected_normalized_spectral	ptree	0.20	0.8443356693	0.3975010593	not-applicable
two-scale	1,1,8,8	expected_normalized_spectral	ptree	0.25	0.8169962134	0.3728848808	not-applicable
two-scale	1,1,8,8	expected_normalized_spectral	ptree	0.30	0.7891123884	0.3489103202	not-applicable
two-scale	1,1,8,8	expected_normalized_spectral	ptree	0.35	0.7609627568	0.3256766909	not-applicable
two-scale	1,1,8,8	expected_normalized_spectral	ptree	0.40	0.7328150744	0.303269545	not-applicable
two-scale	1,1,8,8	expected_normalized_spectral	ptree	0.45	0.704919816	0.281759886	not-applicable
two-scale	1,1,8,8	expected_normalized_spectral	ptree	0.50	0.6775051906	0.261203875	not-applicable
two-scale	1,1,8,8	expected_normalized_spectral	ptree	0.55	0.6507736216	0.241642995	not-applicable
two-scale	1,1,8,8	expected_normalized_spectral	ptree	0.60	0.6248995684	0.2231046132	not-applicable
two-scale	1,1,8,8	expected_normalized_spectral	ptree	0.65	0.6000285169	0.2056028709	not-applicable
two-scale	1,1,8,8	expected_normalized_spectral	ptree	0.70	0.5762769433	0.1891398239	not-applicable
two-scale	1,1,8,8	expected_normalized_spectral	ptree	0.75	0.5537330661	0.1737067566	not-applicable
two-scale	1,1,8,8	expected_normalized_spectral	ptree	0.80	0.532458218	0.1592855941	not-applicable
two-scale	1,1,8,8	expected_normalized_spectral	ptree	0.85	0.5124887026	0.1458503508	not-applicable
two-scale	1,1,8,8	expected_normalized_spectral	ptree	0.90	0.4938380264	0.1333685574	not-applicable
two-scale	1,1,8,8	expected_normalized_spectral	ptree	0.95	0.4764994191	0.1218026248	not-applicable
two-scale	1,1,8,8	expected_normalized_spectral	ptree	1.00	0.4604485695	0.1111111111	not-applicable
two-scale	1,1,8,8	expected_normalized_spectral	ptree	1.05	0.4584414589	0.1012498712	not-applicable
two-scale	1,1,8,8	expected_normalized_spectral	ptree	1.10	0.4569583811	0.09217307447	not-applicable
two-scale	1,1,8,8	expected_normalized_spectral	ptree	1.15	0.4559189781	0.08383408794	not-applicable
two-scale	1,1,8,8	expected_normalized_spectral	ptree	1.20	0.4552498773	0.07618622409	not-applicable
two-scale	1,1,8,8	expected_normalized_spectral	ptree	1.25	0.4548849581	0.06918336064	not-applicable
two-scale	1,1,8,8	expected_normalized_spectral	ptree	1.30	0.4547654621	0.06278044076	not-applicable
two-scale	1,1,8,8	expected_normalized_spectral	ptree	1.35	0.4548399308	0.05693386502	not-applicable
two-scale	1,1,8,8	expected_normalized_spectral	ptree	1.40	0.4550639717	0.05160178739	not-applicable
two-scale	1,1,8,8	expected_normalized_spectral	ptree	1.45	0.455399871	0.04674432761	not-applicable
two-scale	1,1,8,8	expected_normalized_spectral	ptree	1.50	0.4558160842	0.04232371232	not-applicable
two-scale	1,1,8,8	expected_normalized_spectral	ptree	1.55	0.4562866443	0.03830435634	not-applicable
two-scale	1,1,8,8	expected_normalized_spectral	ptree	1.60	0.4567905246	0.03465289474	not-applicable
two-scale	1,1,8,8	expected_normalized_spectral	ptree	1.65	0.4573109938	0.03133817532	not-applicable
two-scale	1,1,8,8	expected_normalized_spectral	ptree	1.70	0.457834991	0.02833121965	not-applicable
two-scale	1,1,8,8	expected_normalized_spectral	ptree	1.75	0.4583525413	0.02560516024	not-applicable
two-scale	1,1,8,8	expected_normalized_spectral	ptree	1.80	0.4588562259	0.02313515971	not-applicable
two-scale	1,1,8,8	expected_normalized_spectral	ptree	1.85	0.4593407127	0.0208983174	not-applicable
two-scale	1,1,8,8	expected_normalized_spectral	ptree	1.90	0.4598023497	0.01887356759	not-applicable
two-scale	1,1,8,8	expected_normalized_spectral	ptree	1.95	0.460238819	0.01704157286	not-applicable
two-scale	1,1,8,8	expected_normalized_spectral	ptree	2.00	0.4606488462	0.01538461538	not-applicable
two-scale	1,1,8,8	expected_normalized_spectral	ptree	2.05	0.4610319604	0.01388648841	not-applicable
two-scale	1,1,8,8	expected_normalized_spectral	ptree	2.10	0.461388298	0.01253238958	not-applicable
two-scale	1,1,8,8	expected_normalized_spectral	ptree	2.15	0.4617184441	0.01130881733	not-applicable
two-scale	1,1,8,8	expected_normalized_spectral	ptree	2.20	0.4620233058	0.01020347148	not-applicable
two-scale	1,1,8,8	expected_normalized_spectral	ptree	2.25	0.4623040116	0.0092051584	not-applicable
two-scale	1,1,8,8	expected_normalized_spectral	ptree	2.30	0.4625618329	0.008303701373	not-applicable
two-scale	1,1,8,8	expected_normalized_spectral	ptree	2.35	0.4627981233	0.007489856286	not-applicable
two-scale	1,1,8,8	expected_normalized_spectral	ptree	2.40	0.463014272	0.006755232747	not-applicable
two-scale	1,1,8,8	expected_normalized_spectral	ptree	2.45	0.4632116688	0.006092220613	not-applicable
two-scale	1,1,8,8	expected_normalized_spectral	ptree	2.50	0.4633916786	0.005493921811	not-applicable
two-scale	1,1,8,8	expected_normalized_spectral	ptree	2.55	0.4635556229	0.004954087276	not-applicable
two-scale	1,1,8,8	expected_normalized_spectral	ptree	2.60	0.4637047668	0.004467058797	not-applicable
two-scale	1,1,8,8	expected_normalized_spectral	ptree	2.65	0.4638403109	0.004027715513	not-applicable
two-scale	1,1,8,8	expected_normalized_spectral	ptree	2.70	0.4639633861	0.003631424814	not-applicable
two-scale	1,1,8,8	expected_normalized_spectral	ptree	2.75	0.4640750516	0.003273997354	not-applicable
two-scale	1,1,8,8	expected_normalized_spectral	ptree	2.80	0.4641762942	0.002951645914	not-applicable
two-scale	1,1,8,8	expected_normalized_spectral	ptree	2.85	0.4642680298	0.002660947842	not-applicable
two-scale	1,1,8,8	expected_normalized_spectral	ptree	2.90	0.464351105	0.002398810802	not-applicable
two-scale	1,1,8,8	expected_normalized_spectral	ptree	2.95	0.4644263	0.002162441588	not-applicable
two-scale	1,1,8,8	expected_normalized_spectral	ptree	3.00	0.4644943323	0.001949317739	not-applicable
